
==============================================================================
== 1. Baseline (run, 2026-10-04T14:34:26)
==============================================================================
OS                                     Microsoft Windows 11 Pro 26H2 build 26300.9457
Computer                               LWWIN11TEST  Microsoft Corporation / Virtual Machine  hypervisor-present=True
Session                                id 1 (0 = service session, e.g. SSH; games run in >= 1)
Kit                                    DriverVer 0.1.0.7777 built 2026-10-04T17:34:00 on DESKTOP-B5T7DIS
Secure Boot                            True
Test signing (bcdedit)                 not set (off)
nointegritychecks (bcdedit)            not set (off)
Virtualization-based security          off
Memory Integrity (HVCI)                not running (services running: 0)
Smart App Control (CI\Policy)          ON (enforcing)  [VerifiedAndReputablePolicyState=1]
Smart App Control (Defender)           On
Defender                               mode=Normal realtime=True
Defender signatures                    1.459.547.0, 0 days old, engine 1.1.26090.9
Defender cloud (MAPS)                  ValidateMapsConnection successfully established a connection to MAPS
CI TestFlags (3090 allow events)       0x300
Windows activation                     notification
Inbox System32\drivers\vhf.sys         10.0.26100.8972 (WinBuild.160101.0800)
Inbox System32\VhfUm.dll               10.0.26100.1 (WinBuild.160101.0800)
Inbox System32\WUDFHost.exe            10.0.26100.8521 (WinBuild.160101.0800)
Inbox System32\drivers\WUDFRd.sys      10.0.26100.9444 (WinBuild.160101.0800)
Inbox hidvhf.inf                       present
Inbox xinputhid.inf                    present
Inbox WUDFRD.inf                       present
ViGEmBus present                       False
XInput slots in use before             0

==============================================================================
== 2. Install (no paid certificate, no test signing)
==============================================================================
== creating a one-off code-signing certificate (key is non-exportable)
   subject   : CN=Longwave Virtual Gamepad local signer, OU=LWWIN11TEST 2026-10-04T14.34.39
   thumbprint: D384B081C8690480E1CED56B8AE57D203E919993  valid until 10/01/2036 14:34:39
   key file  : C:\ProgramData\Microsoft\Crypto\Keys\5a79da889653e3fb0abf2276e619e8ce_c9c3fe2f-a536-419e-88e5-4667617a969a (exists: True)
== signing the catalog, the driver DLL and the kit's tools
   signed LongwaveVirtualGamepad.cat
   signed LongwaveVirtualGamepad.dll
   signed lwpad-devnode.exe
   signed lwpad-sdltest.exe
   signed lwpad-test.exe
== trusting the public certificate (LocalMachine\Root + LocalMachine\TrustedPublisher)
   all signatures verify as Valid
== destroying the private key
   verified: no certificate with a private key, key file gone, key cannot be opened
== staging the driver package (pnputil /add-driver)
Microsoft PnP Utility

Adding driver package:  LongwaveVirtualGamepad.inf
Driver package added successfully.
Published Name:         oem2.inf

Total driver packages:  1
Added driver packages:  1
   published as oem2.inf
== creating the device node and installing the driver on it
node created
driver installed on node
powershell.exe : Program 'lwpad-test.exe' failed to run: An Application Control policy has blocked this fileAt 
At C:\lwpad-kit3\run-gamepad-spike.ps1:104 char:15
+ ...   Capture { powershell.exe -NoProfile -ExecutionPolicy Bypass -File ( ...
+                 ~~~~~~~~~~~~~~~~~~~~~~~~~~~~~~~~~~~~~~~~~~~~~~~~~~~~~~~~~
    + CategoryInfo          : NotSpecified: (Program 'lwpad-...ed this fileAt :String) [], Remote    Exception
    + FullyQualifiedErrorId : NativeCommandError
 
C:\lwpad-kit3\install.ps1:144 char:5
+     & (Join-Path $kit "bin\lwpad-test.exe") info *> $null
+     ~~~~~~~~~~~~~~~~~~~~~~~~~~~~~~~~~~~~~~~~~~~~~~~~~~~~~.
At C:\lwpad-kit3\install.ps1:144 char:5
+     & (Join-Path $kit "bin\lwpad-test.exe") info *> $null
+     ~~~~~~~~~~~~~~~~~~~~~~~~~~~~~~~~~~~~~~~~~~~~~~~~~~~~~
    + CategoryInfo          : ResourceUnavailable: (:) [], ParentContainsErrorRecordException
    + FullyQualifiedErrorId : NativeCommandFailed
install.ps1 exit code                  1  (5 s)
-- setupapi.dev.log (Windows' own install log), signature-related lines:
>>>  [Driver Install (DrvSetupInstallDriver) - C:\lwpad-kit3\driver\LongwaveVirtualGamepad.inf]
>>>  Section start 2026/10/04 14:34:39.611
     inf:           Driver Version = 10/04/2026,0.1.0.7777
     sig:                Driver package catalog is valid.
!    sig:                     Verifying file against specific (valid) catalog failed.
!    sig:                     Error 0x800b0109: A certificate chain processed, but terminated in a root certificate which is not trusted by the trust provider.
     sig:                     Success: File is signed in Authenticode(tm) catalog.
     sig:                     Error 0xe0000241: The INF was signed with an Authenticode(tm) catalog from a trusted publisher.
     sig:           Signer Score  = 0x0F000000 (Authenticode)
     sig:           Signer Name   = Longwave Virtual Gamepad local signer
     dvs:           Driver Version - 10/04/2026,0.1.0.7777
<<<  Section end 2026/10/04 14:34:39.779
<<<  [Exit status: SUCCESS]
>>>  [Device Install (UpdateDriverForPlugAndPlayDevices) - Root\LongwaveVirtualGamepad]
>>>  Section start 2026/10/04 14:34:40.290
     ndv:           Driver Version - 0.1.0.7777
     dvi:                     Install Device: Starting device 'ROOT\LONGWAVEVIRTUALGAMEPAD\0000'. 14:34:40.353
     dvi:                     Install Device: Starting device completed. 14:34:40.833
<<<  Section end 2026/10/04 14:34:40.846
<<<  [Exit status: SUCCESS]
FAIL install install.ps1 exited 1

==============================================================================
== 3. Driver state
==============================================================================


Status       : OK
Problem      : CM_PROB_NONE
Class        : System
FriendlyName : Longwave Virtual Gamepad
InstanceId   : ROOT\LONGWAVEVIRTUALGAMEPAD\0000


DeviceName    : Longwave Virtual Gamepad
DriverVersion : 0.1.0.7777
InfName       : oem2.inf
IsSigned      : False
Signer        :
PASS driver-loaded device OK, hosted by WUDFHost pid 7108
-- certificates (public halves only should exist; HasPrivateKey must be False):

Store            Thumbprint                               HasPrivateKey NotAfter            
-----            ----------                               ------------- --------            
Root             D384B081C8690480E1CED56B8AE57D203E919993         False 10/1/2036 2:34:39 PM
TrustedPublisher D384B081C8690480E1CED56B8AE57D203E919993         False 10/1/2036 2:34:39 PM
CA               D384B081C8690480E1CED56B8AE57D203E919993         False 10/1/2036 2:34:39 PM
PASS private-key no Longwave signer certificate with a private key exists
-- signatures of the kit's files (Valid = signed by the now key-less local cert):

File                       Status Signer                                                                      
----                       ------ ------                                                                      
longwavevirtualgamepad.cat  Valid CN=Longwave Virtual Gamepad local signer, OU=LWWIN11TEST 2026-10-04T14.34.39
LongwaveVirtualGamepad.dll  Valid CN=Longwave Virtual Gamepad local signer, OU=LWWIN11TEST 2026-10-04T14.34.39
lwpad-devnode.exe           Valid CN=Longwave Virtual Gamepad local signer, OU=LWWIN11TEST 2026-10-04T14.34.39
lwpad-sdltest.exe           Valid CN=Longwave Virtual Gamepad local signer, OU=LWWIN11TEST 2026-10-04T14.34.39
lwpad-test.exe              Valid CN=Longwave Virtual Gamepad local signer, OU=LWWIN11TEST 2026-10-04T14.34.39

==============================================================================
== 4. Function
==============================================================================
Program 'lwpad-test.exe' failed to run: An Application Control policy has blocked this fileAt C:\lwpad-kit3\run-gamepad-spike.ps1:135 char:11
+ Capture { & "$bin\lwpad-test.exe" info }
+           ~~~~~~~~~~~~~~~~~~~~~~~~~~~~.
At C:\lwpad-kit3\run-gamepad-spike.ps1:135 char:11
+ Capture { & "$bin\lwpad-test.exe" info }
+           ~~~~~~~~~~~~~~~~~~~~~~~~~~~~
    + CategoryInfo          : ResourceUnavailable: (:) [], ApplicationFailedException
    + FullyQualifiedErrorId : NativeCommandFailed
-- XInput (what most PC games use):
Program 'lwpad-test.exe' failed to run: An Application Control policy has blocked this fileAt C:\lwpad-kit3\run-gamepad-spike.ps1:137 char:11
+ Capture { & "$bin\lwpad-test.exe" xinput }
+           ~~~~~~~~~~~~~~~~~~~~~~~~~~~~~~.
At C:\lwpad-kit3\run-gamepad-spike.ps1:137 char:11
+ Capture { & "$bin\lwpad-test.exe" xinput }
+           ~~~~~~~~~~~~~~~~~~~~~~~~~~~~~~
    + CategoryInfo          : ResourceUnavailable: (:) [], ApplicationFailedException
    + FullyQualifiedErrorId : NativeCommandFailed
-- Windows.Gaming.Input (needs this session's desktop; opens a small window briefly):
   (unelevated, as LWWIN11TEST\lwtest, like a game:)
'C:\lwpad-kit3\bin\lwpad-test.exe' was blocked by your organization's Device Guard policy.
Contact your support person for more info.
   (elevated, for comparison; not counted:)
Program 'lwpad-test.exe' failed to run: An Application Control policy has blocked this fileAt C:\lwpad-kit3\run-gamepad-spike.ps1:168 char:15
+     Capture { & "$bin\lwpad-test.exe" wgi | ForEach-Object { $_ -repl ...
+               ~~~~~~~~~~~~~~~~~~~~~~~~~~~.
At C:\lwpad-kit3\run-gamepad-spike.ps1:168 char:15
+ ...   Capture { & "$bin\lwpad-test.exe" wgi | ForEach-Object { $_ -replac ...
+                 ~~~~~~~~~~~~~~~~~~~~~~~~~~~~~~~~~~~~~~~~~~~~~~~~~~~~~~~~~
    + CategoryInfo          : ResourceUnavailable: (:) [], ApplicationFailedException
    + FullyQualifiedErrorId : NativeCommandFailed
-- SDL3 (Steam and many games), Xbox profile:
INFO sdl version 3.4.18
PASS sdl-xbox-type name='Xbox Series X Controller' type=XBOXONE backend=x
PASS sdl-xbox-input A=1 Y=1 LX=32767 LY=32767 LT=32767
PASS sdl-xbox-rumble driver got low=16383 high=49151
-- SDL3, DualSense profile (gyro, rumble, lightbar):
INFO sdl version 3.4.18
PASS sdl-ds5-type name='DualSense Wireless Controller' type=PS5 backend=h
PASS sdl-ds5-input Circle=1 touchpad-click=1 LX=-32768 RY=-32768 RT=32767
PASS sdl-ds5-gyro driver axis 0 at 90 deg/s -> SDL rad/s [1.571 0.000 0.000] (SDL axis 0)
PASS sdl-ds5-gyro driver axis 1 at 90 deg/s -> SDL rad/s [0.000 1.571 0.000] (SDL axis 1)
PASS sdl-ds5-gyro driver axis 2 at 90 deg/s -> SDL rad/s [0.000 0.000 1.571] (SDL axis 2)
PASS sdl-ds5-gyro-axes driver x,y,z -> SDL axes 0,1,2
INFO sdl-ds5-accel at rest m/s^2 [0.00 9.81 0.00] (expect ~9.8 on one axis)
PASS sdl-ds5-rumble driver got low=65280 high=32768
PASS sdl-ds5-lightbar driver got rgb=255,0,128 valid=0x5
-- Feeder killed mid-session (the pad must not outlive its feeder):
   feeder: 
   while alive: 
FAIL kill-feeder slot='' alive='' gone=False after 7395 ms
-- Create/destroy 250 times:
Program 'lwpad-test.exe' failed to run: An Application Control policy has blocked this fileAt C:\lwpad-kit3\run-gamepad-spike.ps1:200 char:11
+ Capture { & "$bin\lwpad-test.exe" cycle $Cycles | Where-Object { $_ - ...
+           ~~~~~~~~~~~~~~~~~~~~~~~~~~~~~~~~~~~~~.
At C:\lwpad-kit3\run-gamepad-spike.ps1:200 char:11
+ Capture { & "$bin\lwpad-test.exe" cycle $Cycles | Where-Object { $_ - ...
+           ~~~~~~~~~~~~~~~~~~~~~~~~~~~~~~~~~~~~~~~~~~~~~~~~~~~~~~~~~~~
    + CategoryInfo          : ResourceUnavailable: (:) [], ApplicationFailedException
    + FullyQualifiedErrorId : NativeCommandFailed

==============================================================================
== 5. Code Integrity / Smart App Control events since this run started
==============================================================================
CodeIntegrity events                   921
   id 3033: 183
   id 3077: 184
   id 3089: 368
   id 3090: 2
   id 3118: 184
   [14:34:44] 3077 Code Integrity determined that a process (\Device\HarddiskVolume3\Windows\System32\cmd.exe) attempted to load \Device\HarddiskVolume3\lwpad-kit3\bin\lwpad-test.exe that did not meet the Enterprise signing level requirements or violated code integrity policy (Policy ID:{0283ac0f-fff1-49ae-ada1-8a933130cad6}).
   [14:34:45] 3033 Code Integrity determined that a process (\Device\HarddiskVolume3\Windows\System32\WindowsPowerShell\v1.0\powershell.exe) attempted to load \Device\HarddiskVolume3\lwpad-kit3\bin\lwpad-test.exe that did not meet the Enterprise signing level requirements.
   [14:34:45] 3077 Code Integrity determined that a process (\Device\HarddiskVolume3\Windows\System32\WindowsPowerShell\v1.0\powershell.exe) attempted to load \Device\HarddiskVolume3\lwpad-kit3\bin\lwpad-test.exe that did not meet the Enterprise signing level requirements or violated code integrity policy (Policy ID:{0283ac0f-fff1-49ae-ada1-8a933130cad6}).
   [14:34:45] 3033 Code Integrity determined that a process (\Device\HarddiskVolume3\Windows\System32\WindowsPowerShell\v1.0\powershell.exe) attempted to load \Device\HarddiskVolume3\lwpad-kit3\bin\lwpad-test.exe that did not meet the Enterprise signing level requirements.
   [14:34:45] 3077 Code Integrity determined that a process (\Device\HarddiskVolume3\Windows\System32\WindowsPowerShell\v1.0\powershell.exe) attempted to load \Device\HarddiskVolume3\lwpad-kit3\bin\lwpad-test.exe that did not meet the Enterprise signing level requirements or violated code integrity policy (Policy ID:{0283ac0f-fff1-49ae-ada1-8a933130cad6}).
   [14:34:47] 3033 Code Integrity determined that a process (\Device\HarddiskVolume3\Windows\System32\WindowsPowerShell\v1.0\powershell.exe) attempted to load \Device\HarddiskVolume3\lwpad-kit3\bin\lwpad-test.exe that did not meet the Enterprise signing level requirements.
   [14:34:47] 3077 Code Integrity determined that a process (\Device\HarddiskVolume3\Windows\System32\WindowsPowerShell\v1.0\powershell.exe) attempted to load \Device\HarddiskVolume3\lwpad-kit3\bin\lwpad-test.exe that did not meet the Enterprise signing level requirements or violated code integrity policy (Policy ID:{0283ac0f-fff1-49ae-ada1-8a933130cad6}).
   [14:34:57] 3033 Code Integrity determined that a process (\Device\HarddiskVolume3\Windows\System32\WindowsPowerShell\v1.0\powershell.exe) attempted to load \Device\HarddiskVolume3\lwpad-kit3\bin\lwpad-test.exe that did not meet the Enterprise signing level requirements.
   [14:34:57] 3077 Code Integrity determined that a process (\Device\HarddiskVolume3\Windows\System32\WindowsPowerShell\v1.0\powershell.exe) attempted to load \Device\HarddiskVolume3\lwpad-kit3\bin\lwpad-test.exe that did not meet the Enterprise signing level requirements or violated code integrity policy (Policy ID:{0283ac0f-fff1-49ae-ada1-8a933130cad6}).
   [14:34:57] 3033 Code Integrity determined that a process (\Device\HarddiskVolume3\Windows\System32\WindowsPowerShell\v1.0\powershell.exe) attempted to load \Device\HarddiskVolume3\lwpad-kit3\bin\lwpad-test.exe that did not meet the Enterprise signing level requirements.
   [14:34:57] 3077 Code Integrity determined that a process (\Device\HarddiskVolume3\Windows\System32\WindowsPowerShell\v1.0\powershell.exe) attempted to load \Device\HarddiskVolume3\lwpad-kit3\bin\lwpad-test.exe that did not meet the Enterprise signing level requirements or violated code integrity policy (Policy ID:{0283ac0f-fff1-49ae-ada1-8a933130cad6}).
   [14:34:57] 3033 Code Integrity determined that a process (\Device\HarddiskVolume3\Windows\System32\WindowsPowerShell\v1.0\powershell.exe) attempted to load \Device\HarddiskVolume3\lwpad-kit3\bin\lwpad-test.exe that did not meet the Enterprise signing level requirements.
   [14:34:57] 3077 Code Integrity determined that a process (\Device\HarddiskVolume3\Windows\System32\WindowsPowerShell\v1.0\powershell.exe) attempted to load \Device\HarddiskVolume3\lwpad-kit3\bin\lwpad-test.exe that did not meet the Enterprise signing level requirements or violated code integrity policy (Policy ID:{0283ac0f-fff1-49ae-ada1-8a933130cad6}).
   [14:34:57] 3033 Code Integrity determined that a process (\Device\HarddiskVolume3\Windows\System32\WindowsPowerShell\v1.0\powershell.exe) attempted to load \Device\HarddiskVolume3\lwpad-kit3\bin\lwpad-test.exe that did not meet the Enterprise signing level requirements.
   [14:34:57] 3077 Code Integrity determined that a process (\Device\HarddiskVolume3\Windows\System32\WindowsPowerShell\v1.0\powershell.exe) attempted to load \Device\HarddiskVolume3\lwpad-kit3\bin\lwpad-test.exe that did not meet the Enterprise signing level requirements or violated code integrity policy (Policy ID:{0283ac0f-fff1-49ae-ada1-8a933130cad6}).
   [14:34:57] 3033 Code Integrity determined that a process (\Device\HarddiskVolume3\Windows\System32\WindowsPowerShell\v1.0\powershell.exe) attempted to load \Device\HarddiskVolume3\lwpad-kit3\bin\lwpad-test.exe that did not meet the Enterprise signing level requirements.
   [14:34:57] 3077 Code Integrity determined that a process (\Device\HarddiskVolume3\Windows\System32\WindowsPowerShell\v1.0\powershell.exe) attempted to load \Device\HarddiskVolume3\lwpad-kit3\bin\lwpad-test.exe that did not meet the Enterprise signing level requirements or violated code integrity policy (Policy ID:{0283ac0f-fff1-49ae-ada1-8a933130cad6}).
   [14:34:57] 3033 Code Integrity determined that a process (\Device\HarddiskVolume3\Windows\System32\WindowsPowerShell\v1.0\powershell.exe) attempted to load \Device\HarddiskVolume3\lwpad-kit3\bin\lwpad-test.exe that did not meet the Enterprise signing level requirements.
   [14:34:57] 3077 Code Integrity determined that a process (\Device\HarddiskVolume3\Windows\System32\WindowsPowerShell\v1.0\powershell.exe) attempted to load \Device\HarddiskVolume3\lwpad-kit3\bin\lwpad-test.exe that did not meet the Enterprise signing level requirements or violated code integrity policy (Policy ID:{0283ac0f-fff1-49ae-ada1-8a933130cad6}).
   [14:34:58] 3033 Code Integrity determined that a process (\Device\HarddiskVolume3\Windows\System32\WindowsPowerShell\v1.0\powershell.exe) attempted to load \Device\HarddiskVolume3\lwpad-kit3\bin\lwpad-test.exe that did not meet the Enterprise signing level requirements.
   [14:34:58] 3077 Code Integrity determined that a process (\Device\HarddiskVolume3\Windows\System32\WindowsPowerShell\v1.0\powershell.exe) attempted to load \Device\HarddiskVolume3\lwpad-kit3\bin\lwpad-test.exe that did not meet the Enterprise signing level requirements or violated code integrity policy (Policy ID:{0283ac0f-fff1-49ae-ada1-8a933130cad6}).
   [14:34:58] 3033 Code Integrity determined that a process (\Device\HarddiskVolume3\Windows\System32\WindowsPowerShell\v1.0\powershell.exe) attempted to load \Device\HarddiskVolume3\lwpad-kit3\bin\lwpad-test.exe that did not meet the Enterprise signing level requirements.
   [14:34:58] 3077 Code Integrity determined that a process (\Device\HarddiskVolume3\Windows\System32\WindowsPowerShell\v1.0\powershell.exe) attempted to load \Device\HarddiskVolume3\lwpad-kit3\bin\lwpad-test.exe that did not meet the Enterprise signing level requirements or violated code integrity policy (Policy ID:{0283ac0f-fff1-49ae-ada1-8a933130cad6}).
   [14:34:58] 3033 Code Integrity determined that a process (\Device\HarddiskVolume3\Windows\System32\WindowsPowerShell\v1.0\powershell.exe) attempted to load \Device\HarddiskVolume3\lwpad-kit3\bin\lwpad-test.exe that did not meet the Enterprise signing level requirements.
   [14:34:58] 3077 Code Integrity determined that a process (\Device\HarddiskVolume3\Windows\System32\WindowsPowerShell\v1.0\powershell.exe) attempted to load \Device\HarddiskVolume3\lwpad-kit3\bin\lwpad-test.exe that did not meet the Enterprise signing level requirements or violated code integrity policy (Policy ID:{0283ac0f-fff1-49ae-ada1-8a933130cad6}).
   [14:34:58] 3033 Code Integrity determined that a process (\Device\HarddiskVolume3\Windows\System32\WindowsPowerShell\v1.0\powershell.exe) attempted to load \Device\HarddiskVolume3\lwpad-kit3\bin\lwpad-test.exe that did not meet the Enterprise signing level requirements.
   [14:34:58] 3077 Code Integrity determined that a process (\Device\HarddiskVolume3\Windows\System32\WindowsPowerShell\v1.0\powershell.exe) attempted to load \Device\HarddiskVolume3\lwpad-kit3\bin\lwpad-test.exe that did not meet the Enterprise signing level requirements or violated code integrity policy (Policy ID:{0283ac0f-fff1-49ae-ada1-8a933130cad6}).
   [14:34:58] 3033 Code Integrity determined that a process (\Device\HarddiskVolume3\Windows\System32\WindowsPowerShell\v1.0\powershell.exe) attempted to load \Device\HarddiskVolume3\lwpad-kit3\bin\lwpad-test.exe that did not meet the Enterprise signing level requirements.
   [14:34:58] 3077 Code Integrity determined that a process (\Device\HarddiskVolume3\Windows\System32\WindowsPowerShell\v1.0\powershell.exe) attempted to load \Device\HarddiskVolume3\lwpad-kit3\bin\lwpad-test.exe that did not meet the Enterprise signing level requirements or violated code integrity policy (Policy ID:{0283ac0f-fff1-49ae-ada1-8a933130cad6}).
   [14:34:58] 3033 Code Integrity determined that a process (\Device\HarddiskVolume3\Windows\System32\WindowsPowerShell\v1.0\powershell.exe) attempted to load \Device\HarddiskVolume3\lwpad-kit3\bin\lwpad-test.exe that did not meet the Enterprise signing level requirements.
   [14:34:58] 3077 Code Integrity determined that a process (\Device\HarddiskVolume3\Windows\System32\WindowsPowerShell\v1.0\powershell.exe) attempted to load \Device\HarddiskVolume3\lwpad-kit3\bin\lwpad-test.exe that did not meet the Enterprise signing level requirements or violated code integrity policy (Policy ID:{0283ac0f-fff1-49ae-ada1-8a933130cad6}).
   [14:34:58] 3033 Code Integrity determined that a process (\Device\HarddiskVolume3\Windows\System32\WindowsPowerShell\v1.0\powershell.exe) attempted to load \Device\HarddiskVolume3\lwpad-kit3\bin\lwpad-test.exe that did not meet the Enterprise signing level requirements.
   [14:34:58] 3077 Code Integrity determined that a process (\Device\HarddiskVolume3\Windows\System32\WindowsPowerShell\v1.0\powershell.exe) attempted to load \Device\HarddiskVolume3\lwpad-kit3\bin\lwpad-test.exe that did not meet the Enterprise signing level requirements or violated code integrity policy (Policy ID:{0283ac0f-fff1-49ae-ada1-8a933130cad6}).
   [14:34:58] 3033 Code Integrity determined that a process (\Device\HarddiskVolume3\Windows\System32\WindowsPowerShell\v1.0\powershell.exe) attempted to load \Device\HarddiskVolume3\lwpad-kit3\bin\lwpad-test.exe that did not meet the Enterprise signing level requirements.
   [14:34:58] 3077 Code Integrity determined that a process (\Device\HarddiskVolume3\Windows\System32\WindowsPowerShell\v1.0\powershell.exe) attempted to load \Device\HarddiskVolume3\lwpad-kit3\bin\lwpad-test.exe that did not meet the Enterprise signing level requirements or violated code integrity policy (Policy ID:{0283ac0f-fff1-49ae-ada1-8a933130cad6}).
   [14:34:58] 3033 Code Integrity determined that a process (\Device\HarddiskVolume3\Windows\System32\WindowsPowerShell\v1.0\powershell.exe) attempted to load \Device\HarddiskVolume3\lwpad-kit3\bin\lwpad-test.exe that did not meet the Enterprise signing level requirements.
   [14:34:58] 3077 Code Integrity determined that a process (\Device\HarddiskVolume3\Windows\System32\WindowsPowerShell\v1.0\powershell.exe) attempted to load \Device\HarddiskVolume3\lwpad-kit3\bin\lwpad-test.exe that did not meet the Enterprise signing level requirements or violated code integrity policy (Policy ID:{0283ac0f-fff1-49ae-ada1-8a933130cad6}).
   [14:34:58] 3033 Code Integrity determined that a process (\Device\HarddiskVolume3\Windows\System32\WindowsPowerShell\v1.0\powershell.exe) attempted to load \Device\HarddiskVolume3\lwpad-kit3\bin\lwpad-test.exe that did not meet the Enterprise signing level requirements.
   [14:34:58] 3077 Code Integrity determined that a process (\Device\HarddiskVolume3\Windows\System32\WindowsPowerShell\v1.0\powershell.exe) attempted to load \Device\HarddiskVolume3\lwpad-kit3\bin\lwpad-test.exe that did not meet the Enterprise signing level requirements or violated code integrity policy (Policy ID:{0283ac0f-fff1-49ae-ada1-8a933130cad6}).
   [14:34:58] 3033 Code Integrity determined that a process (\Device\HarddiskVolume3\Windows\System32\WindowsPowerShell\v1.0\powershell.exe) attempted to load \Device\HarddiskVolume3\lwpad-kit3\bin\lwpad-test.exe that did not meet the Enterprise signing level requirements.
   [14:34:58] 3077 Code Integrity determined that a process (\Device\HarddiskVolume3\Windows\System32\WindowsPowerShell\v1.0\powershell.exe) attempted to load \Device\HarddiskVolume3\lwpad-kit3\bin\lwpad-test.exe that did not meet the Enterprise signing level requirements or violated code integrity policy (Policy ID:{0283ac0f-fff1-49ae-ada1-8a933130cad6}).
   [14:34:58] 3033 Code Integrity determined that a process (\Device\HarddiskVolume3\Windows\System32\WindowsPowerShell\v1.0\powershell.exe) attempted to load \Device\HarddiskVolume3\lwpad-kit3\bin\lwpad-test.exe that did not meet the Enterprise signing level requirements.
   [14:34:58] 3077 Code Integrity determined that a process (\Device\HarddiskVolume3\Windows\System32\WindowsPowerShell\v1.0\powershell.exe) attempted to load \Device\HarddiskVolume3\lwpad-kit3\bin\lwpad-test.exe that did not meet the Enterprise signing level requirements or violated code integrity policy (Policy ID:{0283ac0f-fff1-49ae-ada1-8a933130cad6}).
   [14:34:58] 3033 Code Integrity determined that a process (\Device\HarddiskVolume3\Windows\System32\WindowsPowerShell\v1.0\powershell.exe) attempted to load \Device\HarddiskVolume3\lwpad-kit3\bin\lwpad-test.exe that did not meet the Enterprise signing level requirements.
   [14:34:58] 3077 Code Integrity determined that a process (\Device\HarddiskVolume3\Windows\System32\WindowsPowerShell\v1.0\powershell.exe) attempted to load \Device\HarddiskVolume3\lwpad-kit3\bin\lwpad-test.exe that did not meet the Enterprise signing level requirements or violated code integrity policy (Policy ID:{0283ac0f-fff1-49ae-ada1-8a933130cad6}).
   [14:34:58] 3033 Code Integrity determined that a process (\Device\HarddiskVolume3\Windows\System32\WindowsPowerShell\v1.0\powershell.exe) attempted to load \Device\HarddiskVolume3\lwpad-kit3\bin\lwpad-test.exe that did not meet the Enterprise signing level requirements.
   [14:34:58] 3077 Code Integrity determined that a process (\Device\HarddiskVolume3\Windows\System32\WindowsPowerShell\v1.0\powershell.exe) attempted to load \Device\HarddiskVolume3\lwpad-kit3\bin\lwpad-test.exe that did not meet the Enterprise signing level requirements or violated code integrity policy (Policy ID:{0283ac0f-fff1-49ae-ada1-8a933130cad6}).
   [14:34:58] 3033 Code Integrity determined that a process (\Device\HarddiskVolume3\Windows\System32\WindowsPowerShell\v1.0\powershell.exe) attempted to load \Device\HarddiskVolume3\lwpad-kit3\bin\lwpad-test.exe that did not meet the Enterprise signing level requirements.
   [14:34:58] 3077 Code Integrity determined that a process (\Device\HarddiskVolume3\Windows\System32\WindowsPowerShell\v1.0\powershell.exe) attempted to load \Device\HarddiskVolume3\lwpad-kit3\bin\lwpad-test.exe that did not meet the Enterprise signing level requirements or violated code integrity policy (Policy ID:{0283ac0f-fff1-49ae-ada1-8a933130cad6}).
   [14:34:58] 3033 Code Integrity determined that a process (\Device\HarddiskVolume3\Windows\System32\WindowsPowerShell\v1.0\powershell.exe) attempted to load \Device\HarddiskVolume3\lwpad-kit3\bin\lwpad-test.exe that did not meet the Enterprise signing level requirements.
   [14:34:58] 3077 Code Integrity determined that a process (\Device\HarddiskVolume3\Windows\System32\WindowsPowerShell\v1.0\powershell.exe) attempted to load \Device\HarddiskVolume3\lwpad-kit3\bin\lwpad-test.exe that did not meet the Enterprise signing level requirements or violated code integrity policy (Policy ID:{0283ac0f-fff1-49ae-ada1-8a933130cad6}).
   [14:34:58] 3033 Code Integrity determined that a process (\Device\HarddiskVolume3\Windows\System32\WindowsPowerShell\v1.0\powershell.exe) attempted to load \Device\HarddiskVolume3\lwpad-kit3\bin\lwpad-test.exe that did not meet the Enterprise signing level requirements.
   [14:34:58] 3077 Code Integrity determined that a process (\Device\HarddiskVolume3\Windows\System32\WindowsPowerShell\v1.0\powershell.exe) attempted to load \Device\HarddiskVolume3\lwpad-kit3\bin\lwpad-test.exe that did not meet the Enterprise signing level requirements or violated code integrity policy (Policy ID:{0283ac0f-fff1-49ae-ada1-8a933130cad6}).
   [14:34:58] 3033 Code Integrity determined that a process (\Device\HarddiskVolume3\Windows\System32\WindowsPowerShell\v1.0\powershell.exe) attempted to load \Device\HarddiskVolume3\lwpad-kit3\bin\lwpad-test.exe that did not meet the Enterprise signing level requirements.
   [14:34:58] 3077 Code Integrity determined that a process (\Device\HarddiskVolume3\Windows\System32\WindowsPowerShell\v1.0\powershell.exe) attempted to load \Device\HarddiskVolume3\lwpad-kit3\bin\lwpad-test.exe that did not meet the Enterprise signing level requirements or violated code integrity policy (Policy ID:{0283ac0f-fff1-49ae-ada1-8a933130cad6}).
   [14:34:58] 3033 Code Integrity determined that a process (\Device\HarddiskVolume3\Windows\System32\WindowsPowerShell\v1.0\powershell.exe) attempted to load \Device\HarddiskVolume3\lwpad-kit3\bin\lwpad-test.exe that did not meet the Enterprise signing level requirements.
   [14:34:58] 3077 Code Integrity determined that a process (\Device\HarddiskVolume3\Windows\System32\WindowsPowerShell\v1.0\powershell.exe) attempted to load \Device\HarddiskVolume3\lwpad-kit3\bin\lwpad-test.exe that did not meet the Enterprise signing level requirements or violated code integrity policy (Policy ID:{0283ac0f-fff1-49ae-ada1-8a933130cad6}).
   [14:34:58] 3033 Code Integrity determined that a process (\Device\HarddiskVolume3\Windows\System32\WindowsPowerShell\v1.0\powershell.exe) attempted to load \Device\HarddiskVolume3\lwpad-kit3\bin\lwpad-test.exe that did not meet the Enterprise signing level requirements.
   [14:34:58] 3077 Code Integrity determined that a process (\Device\HarddiskVolume3\Windows\System32\WindowsPowerShell\v1.0\powershell.exe) attempted to load \Device\HarddiskVolume3\lwpad-kit3\bin\lwpad-test.exe that did not meet the Enterprise signing level requirements or violated code integrity policy (Policy ID:{0283ac0f-fff1-49ae-ada1-8a933130cad6}).
   [14:34:58] 3033 Code Integrity determined that a process (\Device\HarddiskVolume3\Windows\System32\WindowsPowerShell\v1.0\powershell.exe) attempted to load \Device\HarddiskVolume3\lwpad-kit3\bin\lwpad-test.exe that did not meet the Enterprise signing level requirements.
   [14:34:58] 3077 Code Integrity determined that a process (\Device\HarddiskVolume3\Windows\System32\WindowsPowerShell\v1.0\powershell.exe) attempted to load \Device\HarddiskVolume3\lwpad-kit3\bin\lwpad-test.exe that did not meet the Enterprise signing level requirements or violated code integrity policy (Policy ID:{0283ac0f-fff1-49ae-ada1-8a933130cad6}).
   [14:34:58] 3033 Code Integrity determined that a process (\Device\HarddiskVolume3\Windows\System32\WindowsPowerShell\v1.0\powershell.exe) attempted to load \Device\HarddiskVolume3\lwpad-kit3\bin\lwpad-test.exe that did not meet the Enterprise signing level requirements.
   [14:34:58] 3077 Code Integrity determined that a process (\Device\HarddiskVolume3\Windows\System32\WindowsPowerShell\v1.0\powershell.exe) attempted to load \Device\HarddiskVolume3\lwpad-kit3\bin\lwpad-test.exe that did not meet the Enterprise signing level requirements or violated code integrity policy (Policy ID:{0283ac0f-fff1-49ae-ada1-8a933130cad6}).
   [14:34:58] 3033 Code Integrity determined that a process (\Device\HarddiskVolume3\Windows\System32\WindowsPowerShell\v1.0\powershell.exe) attempted to load \Device\HarddiskVolume3\lwpad-kit3\bin\lwpad-test.exe that did not meet the Enterprise signing level requirements.
   [14:34:58] 3077 Code Integrity determined that a process (\Device\HarddiskVolume3\Windows\System32\WindowsPowerShell\v1.0\powershell.exe) attempted to load \Device\HarddiskVolume3\lwpad-kit3\bin\lwpad-test.exe that did not meet the Enterprise signing level requirements or violated code integrity policy (Policy ID:{0283ac0f-fff1-49ae-ada1-8a933130cad6}).
   [14:34:58] 3033 Code Integrity determined that a process (\Device\HarddiskVolume3\Windows\System32\WindowsPowerShell\v1.0\powershell.exe) attempted to load \Device\HarddiskVolume3\lwpad-kit3\bin\lwpad-test.exe that did not meet the Enterprise signing level requirements.
   [14:34:58] 3077 Code Integrity determined that a process (\Device\HarddiskVolume3\Windows\System32\WindowsPowerShell\v1.0\powershell.exe) attempted to load \Device\HarddiskVolume3\lwpad-kit3\bin\lwpad-test.exe that did not meet the Enterprise signing level requirements or violated code integrity policy (Policy ID:{0283ac0f-fff1-49ae-ada1-8a933130cad6}).
   [14:34:58] 3033 Code Integrity determined that a process (\Device\HarddiskVolume3\Windows\System32\WindowsPowerShell\v1.0\powershell.exe) attempted to load \Device\HarddiskVolume3\lwpad-kit3\bin\lwpad-test.exe that did not meet the Enterprise signing level requirements.
   [14:34:58] 3077 Code Integrity determined that a process (\Device\HarddiskVolume3\Windows\System32\WindowsPowerShell\v1.0\powershell.exe) attempted to load \Device\HarddiskVolume3\lwpad-kit3\bin\lwpad-test.exe that did not meet the Enterprise signing level requirements or violated code integrity policy (Policy ID:{0283ac0f-fff1-49ae-ada1-8a933130cad6}).
   [14:34:58] 3033 Code Integrity determined that a process (\Device\HarddiskVolume3\Windows\System32\WindowsPowerShell\v1.0\powershell.exe) attempted to load \Device\HarddiskVolume3\lwpad-kit3\bin\lwpad-test.exe that did not meet the Enterprise signing level requirements.
   [14:34:58] 3077 Code Integrity determined that a process (\Device\HarddiskVolume3\Windows\System32\WindowsPowerShell\v1.0\powershell.exe) attempted to load \Device\HarddiskVolume3\lwpad-kit3\bin\lwpad-test.exe that did not meet the Enterprise signing level requirements or violated code integrity policy (Policy ID:{0283ac0f-fff1-49ae-ada1-8a933130cad6}).
   [14:34:58] 3033 Code Integrity determined that a process (\Device\HarddiskVolume3\Windows\System32\WindowsPowerShell\v1.0\powershell.exe) attempted to load \Device\HarddiskVolume3\lwpad-kit3\bin\lwpad-test.exe that did not meet the Enterprise signing level requirements.
   [14:34:58] 3077 Code Integrity determined that a process (\Device\HarddiskVolume3\Windows\System32\WindowsPowerShell\v1.0\powershell.exe) attempted to load \Device\HarddiskVolume3\lwpad-kit3\bin\lwpad-test.exe that did not meet the Enterprise signing level requirements or violated code integrity policy (Policy ID:{0283ac0f-fff1-49ae-ada1-8a933130cad6}).
   [14:34:59] 3033 Code Integrity determined that a process (\Device\HarddiskVolume3\Windows\System32\WindowsPowerShell\v1.0\powershell.exe) attempted to load \Device\HarddiskVolume3\lwpad-kit3\bin\lwpad-test.exe that did not meet the Enterprise signing level requirements.
   [14:34:59] 3077 Code Integrity determined that a process (\Device\HarddiskVolume3\Windows\System32\WindowsPowerShell\v1.0\powershell.exe) attempted to load \Device\HarddiskVolume3\lwpad-kit3\bin\lwpad-test.exe that did not meet the Enterprise signing level requirements or violated code integrity policy (Policy ID:{0283ac0f-fff1-49ae-ada1-8a933130cad6}).
   [14:34:59] 3033 Code Integrity determined that a process (\Device\HarddiskVolume3\Windows\System32\WindowsPowerShell\v1.0\powershell.exe) attempted to load \Device\HarddiskVolume3\lwpad-kit3\bin\lwpad-test.exe that did not meet the Enterprise signing level requirements.
   [14:34:59] 3077 Code Integrity determined that a process (\Device\HarddiskVolume3\Windows\System32\WindowsPowerShell\v1.0\powershell.exe) attempted to load \Device\HarddiskVolume3\lwpad-kit3\bin\lwpad-test.exe that did not meet the Enterprise signing level requirements or violated code integrity policy (Policy ID:{0283ac0f-fff1-49ae-ada1-8a933130cad6}).
   [14:34:59] 3033 Code Integrity determined that a process (\Device\HarddiskVolume3\Windows\System32\WindowsPowerShell\v1.0\powershell.exe) attempted to load \Device\HarddiskVolume3\lwpad-kit3\bin\lwpad-test.exe that did not meet the Enterprise signing level requirements.
   [14:34:59] 3077 Code Integrity determined that a process (\Device\HarddiskVolume3\Windows\System32\WindowsPowerShell\v1.0\powershell.exe) attempted to load \Device\HarddiskVolume3\lwpad-kit3\bin\lwpad-test.exe that did not meet the Enterprise signing level requirements or violated code integrity policy (Policy ID:{0283ac0f-fff1-49ae-ada1-8a933130cad6}).
   [14:34:59] 3033 Code Integrity determined that a process (\Device\HarddiskVolume3\Windows\System32\WindowsPowerShell\v1.0\powershell.exe) attempted to load \Device\HarddiskVolume3\lwpad-kit3\bin\lwpad-test.exe that did not meet the Enterprise signing level requirements.
   [14:34:59] 3077 Code Integrity determined that a process (\Device\HarddiskVolume3\Windows\System32\WindowsPowerShell\v1.0\powershell.exe) attempted to load \Device\HarddiskVolume3\lwpad-kit3\bin\lwpad-test.exe that did not meet the Enterprise signing level requirements or violated code integrity policy (Policy ID:{0283ac0f-fff1-49ae-ada1-8a933130cad6}).
   [14:34:59] 3033 Code Integrity determined that a process (\Device\HarddiskVolume3\Windows\System32\WindowsPowerShell\v1.0\powershell.exe) attempted to load \Device\HarddiskVolume3\lwpad-kit3\bin\lwpad-test.exe that did not meet the Enterprise signing level requirements.
   [14:34:59] 3077 Code Integrity determined that a process (\Device\HarddiskVolume3\Windows\System32\WindowsPowerShell\v1.0\powershell.exe) attempted to load \Device\HarddiskVolume3\lwpad-kit3\bin\lwpad-test.exe that did not meet the Enterprise signing level requirements or violated code integrity policy (Policy ID:{0283ac0f-fff1-49ae-ada1-8a933130cad6}).
   [14:34:59] 3033 Code Integrity determined that a process (\Device\HarddiskVolume3\Windows\System32\WindowsPowerShell\v1.0\powershell.exe) attempted to load \Device\HarddiskVolume3\lwpad-kit3\bin\lwpad-test.exe that did not meet the Enterprise signing level requirements.
   [14:34:59] 3077 Code Integrity determined that a process (\Device\HarddiskVolume3\Windows\System32\WindowsPowerShell\v1.0\powershell.exe) attempted to load \Device\HarddiskVolume3\lwpad-kit3\bin\lwpad-test.exe that did not meet the Enterprise signing level requirements or violated code integrity policy (Policy ID:{0283ac0f-fff1-49ae-ada1-8a933130cad6}).
   [14:34:59] 3033 Code Integrity determined that a process (\Device\HarddiskVolume3\Windows\System32\WindowsPowerShell\v1.0\powershell.exe) attempted to load \Device\HarddiskVolume3\lwpad-kit3\bin\lwpad-test.exe that did not meet the Enterprise signing level requirements.
   [14:34:59] 3077 Code Integrity determined that a process (\Device\HarddiskVolume3\Windows\System32\WindowsPowerShell\v1.0\powershell.exe) attempted to load \Device\HarddiskVolume3\lwpad-kit3\bin\lwpad-test.exe that did not meet the Enterprise signing level requirements or violated code integrity policy (Policy ID:{0283ac0f-fff1-49ae-ada1-8a933130cad6}).
   [14:34:59] 3033 Code Integrity determined that a process (\Device\HarddiskVolume3\Windows\System32\WindowsPowerShell\v1.0\powershell.exe) attempted to load \Device\HarddiskVolume3\lwpad-kit3\bin\lwpad-test.exe that did not meet the Enterprise signing level requirements.
   [14:34:59] 3077 Code Integrity determined that a process (\Device\HarddiskVolume3\Windows\System32\WindowsPowerShell\v1.0\powershell.exe) attempted to load \Device\HarddiskVolume3\lwpad-kit3\bin\lwpad-test.exe that did not meet the Enterprise signing level requirements or violated code integrity policy (Policy ID:{0283ac0f-fff1-49ae-ada1-8a933130cad6}).
   [14:34:59] 3033 Code Integrity determined that a process (\Device\HarddiskVolume3\Windows\System32\WindowsPowerShell\v1.0\powershell.exe) attempted to load \Device\HarddiskVolume3\lwpad-kit3\bin\lwpad-test.exe that did not meet the Enterprise signing level requirements.
   [14:34:59] 3077 Code Integrity determined that a process (\Device\HarddiskVolume3\Windows\System32\WindowsPowerShell\v1.0\powershell.exe) attempted to load \Device\HarddiskVolume3\lwpad-kit3\bin\lwpad-test.exe that did not meet the Enterprise signing level requirements or violated code integrity policy (Policy ID:{0283ac0f-fff1-49ae-ada1-8a933130cad6}).
   [14:34:59] 3033 Code Integrity determined that a process (\Device\HarddiskVolume3\Windows\System32\WindowsPowerShell\v1.0\powershell.exe) attempted to load \Device\HarddiskVolume3\lwpad-kit3\bin\lwpad-test.exe that did not meet the Enterprise signing level requirements.
   [14:34:59] 3077 Code Integrity determined that a process (\Device\HarddiskVolume3\Windows\System32\WindowsPowerShell\v1.0\powershell.exe) attempted to load \Device\HarddiskVolume3\lwpad-kit3\bin\lwpad-test.exe that did not meet the Enterprise signing level requirements or violated code integrity policy (Policy ID:{0283ac0f-fff1-49ae-ada1-8a933130cad6}).
   [14:34:59] 3033 Code Integrity determined that a process (\Device\HarddiskVolume3\Windows\System32\WindowsPowerShell\v1.0\powershell.exe) attempted to load \Device\HarddiskVolume3\lwpad-kit3\bin\lwpad-test.exe that did not meet the Enterprise signing level requirements.
   [14:34:59] 3077 Code Integrity determined that a process (\Device\HarddiskVolume3\Windows\System32\WindowsPowerShell\v1.0\powershell.exe) attempted to load \Device\HarddiskVolume3\lwpad-kit3\bin\lwpad-test.exe that did not meet the Enterprise signing level requirements or violated code integrity policy (Policy ID:{0283ac0f-fff1-49ae-ada1-8a933130cad6}).
   [14:34:59] 3033 Code Integrity determined that a process (\Device\HarddiskVolume3\Windows\System32\WindowsPowerShell\v1.0\powershell.exe) attempted to load \Device\HarddiskVolume3\lwpad-kit3\bin\lwpad-test.exe that did not meet the Enterprise signing level requirements.
   [14:34:59] 3077 Code Integrity determined that a process (\Device\HarddiskVolume3\Windows\System32\WindowsPowerShell\v1.0\powershell.exe) attempted to load \Device\HarddiskVolume3\lwpad-kit3\bin\lwpad-test.exe that did not meet the Enterprise signing level requirements or violated code integrity policy (Policy ID:{0283ac0f-fff1-49ae-ada1-8a933130cad6}).
   [14:34:59] 3033 Code Integrity determined that a process (\Device\HarddiskVolume3\Windows\System32\WindowsPowerShell\v1.0\powershell.exe) attempted to load \Device\HarddiskVolume3\lwpad-kit3\bin\lwpad-test.exe that did not meet the Enterprise signing level requirements.
   [14:34:59] 3077 Code Integrity determined that a process (\Device\HarddiskVolume3\Windows\System32\WindowsPowerShell\v1.0\powershell.exe) attempted to load \Device\HarddiskVolume3\lwpad-kit3\bin\lwpad-test.exe that did not meet the Enterprise signing level requirements or violated code integrity policy (Policy ID:{0283ac0f-fff1-49ae-ada1-8a933130cad6}).
   [14:34:59] 3033 Code Integrity determined that a process (\Device\HarddiskVolume3\Windows\System32\WindowsPowerShell\v1.0\powershell.exe) attempted to load \Device\HarddiskVolume3\lwpad-kit3\bin\lwpad-test.exe that did not meet the Enterprise signing level requirements.
   [14:34:59] 3077 Code Integrity determined that a process (\Device\HarddiskVolume3\Windows\System32\WindowsPowerShell\v1.0\powershell.exe) attempted to load \Device\HarddiskVolume3\lwpad-kit3\bin\lwpad-test.exe that did not meet the Enterprise signing level requirements or violated code integrity policy (Policy ID:{0283ac0f-fff1-49ae-ada1-8a933130cad6}).
   [14:34:59] 3033 Code Integrity determined that a process (\Device\HarddiskVolume3\Windows\System32\WindowsPowerShell\v1.0\powershell.exe) attempted to load \Device\HarddiskVolume3\lwpad-kit3\bin\lwpad-test.exe that did not meet the Enterprise signing level requirements.
   [14:34:59] 3077 Code Integrity determined that a process (\Device\HarddiskVolume3\Windows\System32\WindowsPowerShell\v1.0\powershell.exe) attempted to load \Device\HarddiskVolume3\lwpad-kit3\bin\lwpad-test.exe that did not meet the Enterprise signing level requirements or violated code integrity policy (Policy ID:{0283ac0f-fff1-49ae-ada1-8a933130cad6}).
   [14:34:59] 3033 Code Integrity determined that a process (\Device\HarddiskVolume3\Windows\System32\WindowsPowerShell\v1.0\powershell.exe) attempted to load \Device\HarddiskVolume3\lwpad-kit3\bin\lwpad-test.exe that did not meet the Enterprise signing level requirements.
   [14:34:59] 3077 Code Integrity determined that a process (\Device\HarddiskVolume3\Windows\System32\WindowsPowerShell\v1.0\powershell.exe) attempted to load \Device\HarddiskVolume3\lwpad-kit3\bin\lwpad-test.exe that did not meet the Enterprise signing level requirements or violated code integrity policy (Policy ID:{0283ac0f-fff1-49ae-ada1-8a933130cad6}).
   [14:34:59] 3033 Code Integrity determined that a process (\Device\HarddiskVolume3\Windows\System32\WindowsPowerShell\v1.0\powershell.exe) attempted to load \Device\HarddiskVolume3\lwpad-kit3\bin\lwpad-test.exe that did not meet the Enterprise signing level requirements.
   [14:34:59] 3077 Code Integrity determined that a process (\Device\HarddiskVolume3\Windows\System32\WindowsPowerShell\v1.0\powershell.exe) attempted to load \Device\HarddiskVolume3\lwpad-kit3\bin\lwpad-test.exe that did not meet the Enterprise signing level requirements or violated code integrity policy (Policy ID:{0283ac0f-fff1-49ae-ada1-8a933130cad6}).
   [14:34:59] 3033 Code Integrity determined that a process (\Device\HarddiskVolume3\Windows\System32\WindowsPowerShell\v1.0\powershell.exe) attempted to load \Device\HarddiskVolume3\lwpad-kit3\bin\lwpad-test.exe that did not meet the Enterprise signing level requirements.
   [14:34:59] 3077 Code Integrity determined that a process (\Device\HarddiskVolume3\Windows\System32\WindowsPowerShell\v1.0\powershell.exe) attempted to load \Device\HarddiskVolume3\lwpad-kit3\bin\lwpad-test.exe that did not meet the Enterprise signing level requirements or violated code integrity policy (Policy ID:{0283ac0f-fff1-49ae-ada1-8a933130cad6}).
   [14:34:59] 3033 Code Integrity determined that a process (\Device\HarddiskVolume3\Windows\System32\WindowsPowerShell\v1.0\powershell.exe) attempted to load \Device\HarddiskVolume3\lwpad-kit3\bin\lwpad-test.exe that did not meet the Enterprise signing level requirements.
   [14:34:59] 3077 Code Integrity determined that a process (\Device\HarddiskVolume3\Windows\System32\WindowsPowerShell\v1.0\powershell.exe) attempted to load \Device\HarddiskVolume3\lwpad-kit3\bin\lwpad-test.exe that did not meet the Enterprise signing level requirements or violated code integrity policy (Policy ID:{0283ac0f-fff1-49ae-ada1-8a933130cad6}).
   [14:34:59] 3033 Code Integrity determined that a process (\Device\HarddiskVolume3\Windows\System32\WindowsPowerShell\v1.0\powershell.exe) attempted to load \Device\HarddiskVolume3\lwpad-kit3\bin\lwpad-test.exe that did not meet the Enterprise signing level requirements.
   [14:34:59] 3077 Code Integrity determined that a process (\Device\HarddiskVolume3\Windows\System32\WindowsPowerShell\v1.0\powershell.exe) attempted to load \Device\HarddiskVolume3\lwpad-kit3\bin\lwpad-test.exe that did not meet the Enterprise signing level requirements or violated code integrity policy (Policy ID:{0283ac0f-fff1-49ae-ada1-8a933130cad6}).
   [14:34:59] 3033 Code Integrity determined that a process (\Device\HarddiskVolume3\Windows\System32\WindowsPowerShell\v1.0\powershell.exe) attempted to load \Device\HarddiskVolume3\lwpad-kit3\bin\lwpad-test.exe that did not meet the Enterprise signing level requirements.
   [14:34:59] 3077 Code Integrity determined that a process (\Device\HarddiskVolume3\Windows\System32\WindowsPowerShell\v1.0\powershell.exe) attempted to load \Device\HarddiskVolume3\lwpad-kit3\bin\lwpad-test.exe that did not meet the Enterprise signing level requirements or violated code integrity policy (Policy ID:{0283ac0f-fff1-49ae-ada1-8a933130cad6}).
   [14:34:59] 3033 Code Integrity determined that a process (\Device\HarddiskVolume3\Windows\System32\WindowsPowerShell\v1.0\powershell.exe) attempted to load \Device\HarddiskVolume3\lwpad-kit3\bin\lwpad-test.exe that did not meet the Enterprise signing level requirements.
   [14:34:59] 3077 Code Integrity determined that a process (\Device\HarddiskVolume3\Windows\System32\WindowsPowerShell\v1.0\powershell.exe) attempted to load \Device\HarddiskVolume3\lwpad-kit3\bin\lwpad-test.exe that did not meet the Enterprise signing level requirements or violated code integrity policy (Policy ID:{0283ac0f-fff1-49ae-ada1-8a933130cad6}).
   [14:34:59] 3033 Code Integrity determined that a process (\Device\HarddiskVolume3\Windows\System32\WindowsPowerShell\v1.0\powershell.exe) attempted to load \Device\HarddiskVolume3\lwpad-kit3\bin\lwpad-test.exe that did not meet the Enterprise signing level requirements.
   [14:34:59] 3077 Code Integrity determined that a process (\Device\HarddiskVolume3\Windows\System32\WindowsPowerShell\v1.0\powershell.exe) attempted to load \Device\HarddiskVolume3\lwpad-kit3\bin\lwpad-test.exe that did not meet the Enterprise signing level requirements or violated code integrity policy (Policy ID:{0283ac0f-fff1-49ae-ada1-8a933130cad6}).
   [14:34:59] 3033 Code Integrity determined that a process (\Device\HarddiskVolume3\Windows\System32\WindowsPowerShell\v1.0\powershell.exe) attempted to load \Device\HarddiskVolume3\lwpad-kit3\bin\lwpad-test.exe that did not meet the Enterprise signing level requirements.
   [14:34:59] 3077 Code Integrity determined that a process (\Device\HarddiskVolume3\Windows\System32\WindowsPowerShell\v1.0\powershell.exe) attempted to load \Device\HarddiskVolume3\lwpad-kit3\bin\lwpad-test.exe that did not meet the Enterprise signing level requirements or violated code integrity policy (Policy ID:{0283ac0f-fff1-49ae-ada1-8a933130cad6}).
   [14:34:59] 3033 Code Integrity determined that a process (\Device\HarddiskVolume3\Windows\System32\WindowsPowerShell\v1.0\powershell.exe) attempted to load \Device\HarddiskVolume3\lwpad-kit3\bin\lwpad-test.exe that did not meet the Enterprise signing level requirements.
   [14:34:59] 3077 Code Integrity determined that a process (\Device\HarddiskVolume3\Windows\System32\WindowsPowerShell\v1.0\powershell.exe) attempted to load \Device\HarddiskVolume3\lwpad-kit3\bin\lwpad-test.exe that did not meet the Enterprise signing level requirements or violated code integrity policy (Policy ID:{0283ac0f-fff1-49ae-ada1-8a933130cad6}).
   [14:34:59] 3033 Code Integrity determined that a process (\Device\HarddiskVolume3\Windows\System32\WindowsPowerShell\v1.0\powershell.exe) attempted to load \Device\HarddiskVolume3\lwpad-kit3\bin\lwpad-test.exe that did not meet the Enterprise signing level requirements.
   [14:34:59] 3077 Code Integrity determined that a process (\Device\HarddiskVolume3\Windows\System32\WindowsPowerShell\v1.0\powershell.exe) attempted to load \Device\HarddiskVolume3\lwpad-kit3\bin\lwpad-test.exe that did not meet the Enterprise signing level requirements or violated code integrity policy (Policy ID:{0283ac0f-fff1-49ae-ada1-8a933130cad6}).
   [14:34:59] 3033 Code Integrity determined that a process (\Device\HarddiskVolume3\Windows\System32\WindowsPowerShell\v1.0\powershell.exe) attempted to load \Device\HarddiskVolume3\lwpad-kit3\bin\lwpad-test.exe that did not meet the Enterprise signing level requirements.
   [14:34:59] 3077 Code Integrity determined that a process (\Device\HarddiskVolume3\Windows\System32\WindowsPowerShell\v1.0\powershell.exe) attempted to load \Device\HarddiskVolume3\lwpad-kit3\bin\lwpad-test.exe that did not meet the Enterprise signing level requirements or violated code integrity policy (Policy ID:{0283ac0f-fff1-49ae-ada1-8a933130cad6}).
   [14:35:00] 3033 Code Integrity determined that a process (\Device\HarddiskVolume3\Windows\System32\WindowsPowerShell\v1.0\powershell.exe) attempted to load \Device\HarddiskVolume3\lwpad-kit3\bin\lwpad-test.exe that did not meet the Enterprise signing level requirements.
   [14:35:00] 3077 Code Integrity determined that a process (\Device\HarddiskVolume3\Windows\System32\WindowsPowerShell\v1.0\powershell.exe) attempted to load \Device\HarddiskVolume3\lwpad-kit3\bin\lwpad-test.exe that did not meet the Enterprise signing level requirements or violated code integrity policy (Policy ID:{0283ac0f-fff1-49ae-ada1-8a933130cad6}).
   [14:35:00] 3033 Code Integrity determined that a process (\Device\HarddiskVolume3\Windows\System32\WindowsPowerShell\v1.0\powershell.exe) attempted to load \Device\HarddiskVolume3\lwpad-kit3\bin\lwpad-test.exe that did not meet the Enterprise signing level requirements.
   [14:35:00] 3077 Code Integrity determined that a process (\Device\HarddiskVolume3\Windows\System32\WindowsPowerShell\v1.0\powershell.exe) attempted to load \Device\HarddiskVolume3\lwpad-kit3\bin\lwpad-test.exe that did not meet the Enterprise signing level requirements or violated code integrity policy (Policy ID:{0283ac0f-fff1-49ae-ada1-8a933130cad6}).
   [14:35:00] 3033 Code Integrity determined that a process (\Device\HarddiskVolume3\Windows\System32\WindowsPowerShell\v1.0\powershell.exe) attempted to load \Device\HarddiskVolume3\lwpad-kit3\bin\lwpad-test.exe that did not meet the Enterprise signing level requirements.
   [14:35:00] 3077 Code Integrity determined that a process (\Device\HarddiskVolume3\Windows\System32\WindowsPowerShell\v1.0\powershell.exe) attempted to load \Device\HarddiskVolume3\lwpad-kit3\bin\lwpad-test.exe that did not meet the Enterprise signing level requirements or violated code integrity policy (Policy ID:{0283ac0f-fff1-49ae-ada1-8a933130cad6}).
   [14:35:00] 3033 Code Integrity determined that a process (\Device\HarddiskVolume3\Windows\System32\WindowsPowerShell\v1.0\powershell.exe) attempted to load \Device\HarddiskVolume3\lwpad-kit3\bin\lwpad-test.exe that did not meet the Enterprise signing level requirements.
   [14:35:00] 3077 Code Integrity determined that a process (\Device\HarddiskVolume3\Windows\System32\WindowsPowerShell\v1.0\powershell.exe) attempted to load \Device\HarddiskVolume3\lwpad-kit3\bin\lwpad-test.exe that did not meet the Enterprise signing level requirements or violated code integrity policy (Policy ID:{0283ac0f-fff1-49ae-ada1-8a933130cad6}).
   [14:35:00] 3033 Code Integrity determined that a process (\Device\HarddiskVolume3\Windows\System32\WindowsPowerShell\v1.0\powershell.exe) attempted to load \Device\HarddiskVolume3\lwpad-kit3\bin\lwpad-test.exe that did not meet the Enterprise signing level requirements.
   [14:35:00] 3077 Code Integrity determined that a process (\Device\HarddiskVolume3\Windows\System32\WindowsPowerShell\v1.0\powershell.exe) attempted to load \Device\HarddiskVolume3\lwpad-kit3\bin\lwpad-test.exe that did not meet the Enterprise signing level requirements or violated code integrity policy (Policy ID:{0283ac0f-fff1-49ae-ada1-8a933130cad6}).
   [14:35:00] 3033 Code Integrity determined that a process (\Device\HarddiskVolume3\Windows\System32\WindowsPowerShell\v1.0\powershell.exe) attempted to load \Device\HarddiskVolume3\lwpad-kit3\bin\lwpad-test.exe that did not meet the Enterprise signing level requirements.
   [14:35:00] 3077 Code Integrity determined that a process (\Device\HarddiskVolume3\Windows\System32\WindowsPowerShell\v1.0\powershell.exe) attempted to load \Device\HarddiskVolume3\lwpad-kit3\bin\lwpad-test.exe that did not meet the Enterprise signing level requirements or violated code integrity policy (Policy ID:{0283ac0f-fff1-49ae-ada1-8a933130cad6}).
   [14:35:00] 3033 Code Integrity determined that a process (\Device\HarddiskVolume3\Windows\System32\WindowsPowerShell\v1.0\powershell.exe) attempted to load \Device\HarddiskVolume3\lwpad-kit3\bin\lwpad-test.exe that did not meet the Enterprise signing level requirements.
   [14:35:00] 3077 Code Integrity determined that a process (\Device\HarddiskVolume3\Windows\System32\WindowsPowerShell\v1.0\powershell.exe) attempted to load \Device\HarddiskVolume3\lwpad-kit3\bin\lwpad-test.exe that did not meet the Enterprise signing level requirements or violated code integrity policy (Policy ID:{0283ac0f-fff1-49ae-ada1-8a933130cad6}).
   [14:35:00] 3033 Code Integrity determined that a process (\Device\HarddiskVolume3\Windows\System32\WindowsPowerShell\v1.0\powershell.exe) attempted to load \Device\HarddiskVolume3\lwpad-kit3\bin\lwpad-test.exe that did not meet the Enterprise signing level requirements.
   [14:35:00] 3077 Code Integrity determined that a process (\Device\HarddiskVolume3\Windows\System32\WindowsPowerShell\v1.0\powershell.exe) attempted to load \Device\HarddiskVolume3\lwpad-kit3\bin\lwpad-test.exe that did not meet the Enterprise signing level requirements or violated code integrity policy (Policy ID:{0283ac0f-fff1-49ae-ada1-8a933130cad6}).
   [14:35:00] 3033 Code Integrity determined that a process (\Device\HarddiskVolume3\Windows\System32\WindowsPowerShell\v1.0\powershell.exe) attempted to load \Device\HarddiskVolume3\lwpad-kit3\bin\lwpad-test.exe that did not meet the Enterprise signing level requirements.
   [14:35:00] 3077 Code Integrity determined that a process (\Device\HarddiskVolume3\Windows\System32\WindowsPowerShell\v1.0\powershell.exe) attempted to load \Device\HarddiskVolume3\lwpad-kit3\bin\lwpad-test.exe that did not meet the Enterprise signing level requirements or violated code integrity policy (Policy ID:{0283ac0f-fff1-49ae-ada1-8a933130cad6}).
   [14:35:00] 3033 Code Integrity determined that a process (\Device\HarddiskVolume3\Windows\System32\WindowsPowerShell\v1.0\powershell.exe) attempted to load \Device\HarddiskVolume3\lwpad-kit3\bin\lwpad-test.exe that did not meet the Enterprise signing level requirements.
   [14:35:00] 3077 Code Integrity determined that a process (\Device\HarddiskVolume3\Windows\System32\WindowsPowerShell\v1.0\powershell.exe) attempted to load \Device\HarddiskVolume3\lwpad-kit3\bin\lwpad-test.exe that did not meet the Enterprise signing level requirements or violated code integrity policy (Policy ID:{0283ac0f-fff1-49ae-ada1-8a933130cad6}).
   [14:35:00] 3033 Code Integrity determined that a process (\Device\HarddiskVolume3\Windows\System32\WindowsPowerShell\v1.0\powershell.exe) attempted to load \Device\HarddiskVolume3\lwpad-kit3\bin\lwpad-test.exe that did not meet the Enterprise signing level requirements.
   [14:35:00] 3077 Code Integrity determined that a process (\Device\HarddiskVolume3\Windows\System32\WindowsPowerShell\v1.0\powershell.exe) attempted to load \Device\HarddiskVolume3\lwpad-kit3\bin\lwpad-test.exe that did not meet the Enterprise signing level requirements or violated code integrity policy (Policy ID:{0283ac0f-fff1-49ae-ada1-8a933130cad6}).
   [14:35:00] 3033 Code Integrity determined that a process (\Device\HarddiskVolume3\Windows\System32\WindowsPowerShell\v1.0\powershell.exe) attempted to load \Device\HarddiskVolume3\lwpad-kit3\bin\lwpad-test.exe that did not meet the Enterprise signing level requirements.
   [14:35:00] 3077 Code Integrity determined that a process (\Device\HarddiskVolume3\Windows\System32\WindowsPowerShell\v1.0\powershell.exe) attempted to load \Device\HarddiskVolume3\lwpad-kit3\bin\lwpad-test.exe that did not meet the Enterprise signing level requirements or violated code integrity policy (Policy ID:{0283ac0f-fff1-49ae-ada1-8a933130cad6}).
   [14:35:00] 3033 Code Integrity determined that a process (\Device\HarddiskVolume3\Windows\System32\WindowsPowerShell\v1.0\powershell.exe) attempted to load \Device\HarddiskVolume3\lwpad-kit3\bin\lwpad-test.exe that did not meet the Enterprise signing level requirements.
   [14:35:00] 3077 Code Integrity determined that a process (\Device\HarddiskVolume3\Windows\System32\WindowsPowerShell\v1.0\powershell.exe) attempted to load \Device\HarddiskVolume3\lwpad-kit3\bin\lwpad-test.exe that did not meet the Enterprise signing level requirements or violated code integrity policy (Policy ID:{0283ac0f-fff1-49ae-ada1-8a933130cad6}).
   [14:35:00] 3033 Code Integrity determined that a process (\Device\HarddiskVolume3\Windows\System32\WindowsPowerShell\v1.0\powershell.exe) attempted to load \Device\HarddiskVolume3\lwpad-kit3\bin\lwpad-test.exe that did not meet the Enterprise signing level requirements.
   [14:35:00] 3077 Code Integrity determined that a process (\Device\HarddiskVolume3\Windows\System32\WindowsPowerShell\v1.0\powershell.exe) attempted to load \Device\HarddiskVolume3\lwpad-kit3\bin\lwpad-test.exe that did not meet the Enterprise signing level requirements or violated code integrity policy (Policy ID:{0283ac0f-fff1-49ae-ada1-8a933130cad6}).
   [14:35:00] 3033 Code Integrity determined that a process (\Device\HarddiskVolume3\Windows\System32\WindowsPowerShell\v1.0\powershell.exe) attempted to load \Device\HarddiskVolume3\lwpad-kit3\bin\lwpad-test.exe that did not meet the Enterprise signing level requirements.
   [14:35:00] 3077 Code Integrity determined that a process (\Device\HarddiskVolume3\Windows\System32\WindowsPowerShell\v1.0\powershell.exe) attempted to load \Device\HarddiskVolume3\lwpad-kit3\bin\lwpad-test.exe that did not meet the Enterprise signing level requirements or violated code integrity policy (Policy ID:{0283ac0f-fff1-49ae-ada1-8a933130cad6}).
   [14:35:00] 3033 Code Integrity determined that a process (\Device\HarddiskVolume3\Windows\System32\WindowsPowerShell\v1.0\powershell.exe) attempted to load \Device\HarddiskVolume3\lwpad-kit3\bin\lwpad-test.exe that did not meet the Enterprise signing level requirements.
   [14:35:00] 3077 Code Integrity determined that a process (\Device\HarddiskVolume3\Windows\System32\WindowsPowerShell\v1.0\powershell.exe) attempted to load \Device\HarddiskVolume3\lwpad-kit3\bin\lwpad-test.exe that did not meet the Enterprise signing level requirements or violated code integrity policy (Policy ID:{0283ac0f-fff1-49ae-ada1-8a933130cad6}).
   [14:35:00] 3033 Code Integrity determined that a process (\Device\HarddiskVolume3\Windows\System32\WindowsPowerShell\v1.0\powershell.exe) attempted to load \Device\HarddiskVolume3\lwpad-kit3\bin\lwpad-test.exe that did not meet the Enterprise signing level requirements.
   [14:35:00] 3077 Code Integrity determined that a process (\Device\HarddiskVolume3\Windows\System32\WindowsPowerShell\v1.0\powershell.exe) attempted to load \Device\HarddiskVolume3\lwpad-kit3\bin\lwpad-test.exe that did not meet the Enterprise signing level requirements or violated code integrity policy (Policy ID:{0283ac0f-fff1-49ae-ada1-8a933130cad6}).
   [14:35:00] 3033 Code Integrity determined that a process (\Device\HarddiskVolume3\Windows\System32\WindowsPowerShell\v1.0\powershell.exe) attempted to load \Device\HarddiskVolume3\lwpad-kit3\bin\lwpad-test.exe that did not meet the Enterprise signing level requirements.
   [14:35:00] 3077 Code Integrity determined that a process (\Device\HarddiskVolume3\Windows\System32\WindowsPowerShell\v1.0\powershell.exe) attempted to load \Device\HarddiskVolume3\lwpad-kit3\bin\lwpad-test.exe that did not meet the Enterprise signing level requirements or violated code integrity policy (Policy ID:{0283ac0f-fff1-49ae-ada1-8a933130cad6}).
   [14:35:00] 3033 Code Integrity determined that a process (\Device\HarddiskVolume3\Windows\System32\WindowsPowerShell\v1.0\powershell.exe) attempted to load \Device\HarddiskVolume3\lwpad-kit3\bin\lwpad-test.exe that did not meet the Enterprise signing level requirements.
   [14:35:00] 3077 Code Integrity determined that a process (\Device\HarddiskVolume3\Windows\System32\WindowsPowerShell\v1.0\powershell.exe) attempted to load \Device\HarddiskVolume3\lwpad-kit3\bin\lwpad-test.exe that did not meet the Enterprise signing level requirements or violated code integrity policy (Policy ID:{0283ac0f-fff1-49ae-ada1-8a933130cad6}).
   [14:35:00] 3033 Code Integrity determined that a process (\Device\HarddiskVolume3\Windows\System32\WindowsPowerShell\v1.0\powershell.exe) attempted to load \Device\HarddiskVolume3\lwpad-kit3\bin\lwpad-test.exe that did not meet the Enterprise signing level requirements.
   [14:35:00] 3077 Code Integrity determined that a process (\Device\HarddiskVolume3\Windows\System32\WindowsPowerShell\v1.0\powershell.exe) attempted to load \Device\HarddiskVolume3\lwpad-kit3\bin\lwpad-test.exe that did not meet the Enterprise signing level requirements or violated code integrity policy (Policy ID:{0283ac0f-fff1-49ae-ada1-8a933130cad6}).
   [14:35:00] 3033 Code Integrity determined that a process (\Device\HarddiskVolume3\Windows\System32\WindowsPowerShell\v1.0\powershell.exe) attempted to load \Device\HarddiskVolume3\lwpad-kit3\bin\lwpad-test.exe that did not meet the Enterprise signing level requirements.
   [14:35:00] 3077 Code Integrity determined that a process (\Device\HarddiskVolume3\Windows\System32\WindowsPowerShell\v1.0\powershell.exe) attempted to load \Device\HarddiskVolume3\lwpad-kit3\bin\lwpad-test.exe that did not meet the Enterprise signing level requirements or violated code integrity policy (Policy ID:{0283ac0f-fff1-49ae-ada1-8a933130cad6}).
   [14:35:00] 3033 Code Integrity determined that a process (\Device\HarddiskVolume3\Windows\System32\WindowsPowerShell\v1.0\powershell.exe) attempted to load \Device\HarddiskVolume3\lwpad-kit3\bin\lwpad-test.exe that did not meet the Enterprise signing level requirements.
   [14:35:00] 3077 Code Integrity determined that a process (\Device\HarddiskVolume3\Windows\System32\WindowsPowerShell\v1.0\powershell.exe) attempted to load \Device\HarddiskVolume3\lwpad-kit3\bin\lwpad-test.exe that did not meet the Enterprise signing level requirements or violated code integrity policy (Policy ID:{0283ac0f-fff1-49ae-ada1-8a933130cad6}).
   [14:35:00] 3033 Code Integrity determined that a process (\Device\HarddiskVolume3\Windows\System32\WindowsPowerShell\v1.0\powershell.exe) attempted to load \Device\HarddiskVolume3\lwpad-kit3\bin\lwpad-test.exe that did not meet the Enterprise signing level requirements.
   [14:35:00] 3077 Code Integrity determined that a process (\Device\HarddiskVolume3\Windows\System32\WindowsPowerShell\v1.0\powershell.exe) attempted to load \Device\HarddiskVolume3\lwpad-kit3\bin\lwpad-test.exe that did not meet the Enterprise signing level requirements or violated code integrity policy (Policy ID:{0283ac0f-fff1-49ae-ada1-8a933130cad6}).
   [14:35:00] 3033 Code Integrity determined that a process (\Device\HarddiskVolume3\Windows\System32\WindowsPowerShell\v1.0\powershell.exe) attempted to load \Device\HarddiskVolume3\lwpad-kit3\bin\lwpad-test.exe that did not meet the Enterprise signing level requirements.
   [14:35:00] 3077 Code Integrity determined that a process (\Device\HarddiskVolume3\Windows\System32\WindowsPowerShell\v1.0\powershell.exe) attempted to load \Device\HarddiskVolume3\lwpad-kit3\bin\lwpad-test.exe that did not meet the Enterprise signing level requirements or violated code integrity policy (Policy ID:{0283ac0f-fff1-49ae-ada1-8a933130cad6}).
   [14:35:00] 3033 Code Integrity determined that a process (\Device\HarddiskVolume3\Windows\System32\WindowsPowerShell\v1.0\powershell.exe) attempted to load \Device\HarddiskVolume3\lwpad-kit3\bin\lwpad-test.exe that did not meet the Enterprise signing level requirements.
   [14:35:00] 3077 Code Integrity determined that a process (\Device\HarddiskVolume3\Windows\System32\WindowsPowerShell\v1.0\powershell.exe) attempted to load \Device\HarddiskVolume3\lwpad-kit3\bin\lwpad-test.exe that did not meet the Enterprise signing level requirements or violated code integrity policy (Policy ID:{0283ac0f-fff1-49ae-ada1-8a933130cad6}).
   [14:35:00] 3033 Code Integrity determined that a process (\Device\HarddiskVolume3\Windows\System32\WindowsPowerShell\v1.0\powershell.exe) attempted to load \Device\HarddiskVolume3\lwpad-kit3\bin\lwpad-test.exe that did not meet the Enterprise signing level requirements.
   [14:35:00] 3077 Code Integrity determined that a process (\Device\HarddiskVolume3\Windows\System32\WindowsPowerShell\v1.0\powershell.exe) attempted to load \Device\HarddiskVolume3\lwpad-kit3\bin\lwpad-test.exe that did not meet the Enterprise signing level requirements or violated code integrity policy (Policy ID:{0283ac0f-fff1-49ae-ada1-8a933130cad6}).
   [14:35:00] 3033 Code Integrity determined that a process (\Device\HarddiskVolume3\Windows\System32\WindowsPowerShell\v1.0\powershell.exe) attempted to load \Device\HarddiskVolume3\lwpad-kit3\bin\lwpad-test.exe that did not meet the Enterprise signing level requirements.
   [14:35:00] 3077 Code Integrity determined that a process (\Device\HarddiskVolume3\Windows\System32\WindowsPowerShell\v1.0\powershell.exe) attempted to load \Device\HarddiskVolume3\lwpad-kit3\bin\lwpad-test.exe that did not meet the Enterprise signing level requirements or violated code integrity policy (Policy ID:{0283ac0f-fff1-49ae-ada1-8a933130cad6}).
   [14:35:00] 3033 Code Integrity determined that a process (\Device\HarddiskVolume3\Windows\System32\WindowsPowerShell\v1.0\powershell.exe) attempted to load \Device\HarddiskVolume3\lwpad-kit3\bin\lwpad-test.exe that did not meet the Enterprise signing level requirements.
   [14:35:00] 3077 Code Integrity determined that a process (\Device\HarddiskVolume3\Windows\System32\WindowsPowerShell\v1.0\powershell.exe) attempted to load \Device\HarddiskVolume3\lwpad-kit3\bin\lwpad-test.exe that did not meet the Enterprise signing level requirements or violated code integrity policy (Policy ID:{0283ac0f-fff1-49ae-ada1-8a933130cad6}).
   [14:35:01] 3033 Code Integrity determined that a process (\Device\HarddiskVolume3\Windows\System32\WindowsPowerShell\v1.0\powershell.exe) attempted to load \Device\HarddiskVolume3\lwpad-kit3\bin\lwpad-test.exe that did not meet the Enterprise signing level requirements.
   [14:35:01] 3077 Code Integrity determined that a process (\Device\HarddiskVolume3\Windows\System32\WindowsPowerShell\v1.0\powershell.exe) attempted to load \Device\HarddiskVolume3\lwpad-kit3\bin\lwpad-test.exe that did not meet the Enterprise signing level requirements or violated code integrity policy (Policy ID:{0283ac0f-fff1-49ae-ada1-8a933130cad6}).
   [14:35:01] 3033 Code Integrity determined that a process (\Device\HarddiskVolume3\Windows\System32\WindowsPowerShell\v1.0\powershell.exe) attempted to load \Device\HarddiskVolume3\lwpad-kit3\bin\lwpad-test.exe that did not meet the Enterprise signing level requirements.
   [14:35:01] 3077 Code Integrity determined that a process (\Device\HarddiskVolume3\Windows\System32\WindowsPowerShell\v1.0\powershell.exe) attempted to load \Device\HarddiskVolume3\lwpad-kit3\bin\lwpad-test.exe that did not meet the Enterprise signing level requirements or violated code integrity policy (Policy ID:{0283ac0f-fff1-49ae-ada1-8a933130cad6}).
   [14:35:01] 3033 Code Integrity determined that a process (\Device\HarddiskVolume3\Windows\System32\WindowsPowerShell\v1.0\powershell.exe) attempted to load \Device\HarddiskVolume3\lwpad-kit3\bin\lwpad-test.exe that did not meet the Enterprise signing level requirements.
   [14:35:01] 3077 Code Integrity determined that a process (\Device\HarddiskVolume3\Windows\System32\WindowsPowerShell\v1.0\powershell.exe) attempted to load \Device\HarddiskVolume3\lwpad-kit3\bin\lwpad-test.exe that did not meet the Enterprise signing level requirements or violated code integrity policy (Policy ID:{0283ac0f-fff1-49ae-ada1-8a933130cad6}).
   [14:35:01] 3033 Code Integrity determined that a process (\Device\HarddiskVolume3\Windows\System32\WindowsPowerShell\v1.0\powershell.exe) attempted to load \Device\HarddiskVolume3\lwpad-kit3\bin\lwpad-test.exe that did not meet the Enterprise signing level requirements.
   [14:35:01] 3077 Code Integrity determined that a process (\Device\HarddiskVolume3\Windows\System32\WindowsPowerShell\v1.0\powershell.exe) attempted to load \Device\HarddiskVolume3\lwpad-kit3\bin\lwpad-test.exe that did not meet the Enterprise signing level requirements or violated code integrity policy (Policy ID:{0283ac0f-fff1-49ae-ada1-8a933130cad6}).
   [14:35:01] 3033 Code Integrity determined that a process (\Device\HarddiskVolume3\Windows\System32\WindowsPowerShell\v1.0\powershell.exe) attempted to load \Device\HarddiskVolume3\lwpad-kit3\bin\lwpad-test.exe that did not meet the Enterprise signing level requirements.
   [14:35:01] 3077 Code Integrity determined that a process (\Device\HarddiskVolume3\Windows\System32\WindowsPowerShell\v1.0\powershell.exe) attempted to load \Device\HarddiskVolume3\lwpad-kit3\bin\lwpad-test.exe that did not meet the Enterprise signing level requirements or violated code integrity policy (Policy ID:{0283ac0f-fff1-49ae-ada1-8a933130cad6}).
   [14:35:01] 3033 Code Integrity determined that a process (\Device\HarddiskVolume3\Windows\System32\WindowsPowerShell\v1.0\powershell.exe) attempted to load \Device\HarddiskVolume3\lwpad-kit3\bin\lwpad-test.exe that did not meet the Enterprise signing level requirements.
   [14:35:01] 3077 Code Integrity determined that a process (\Device\HarddiskVolume3\Windows\System32\WindowsPowerShell\v1.0\powershell.exe) attempted to load \Device\HarddiskVolume3\lwpad-kit3\bin\lwpad-test.exe that did not meet the Enterprise signing level requirements or violated code integrity policy (Policy ID:{0283ac0f-fff1-49ae-ada1-8a933130cad6}).
   [14:35:01] 3033 Code Integrity determined that a process (\Device\HarddiskVolume3\Windows\System32\WindowsPowerShell\v1.0\powershell.exe) attempted to load \Device\HarddiskVolume3\lwpad-kit3\bin\lwpad-test.exe that did not meet the Enterprise signing level requirements.
   [14:35:01] 3077 Code Integrity determined that a process (\Device\HarddiskVolume3\Windows\System32\WindowsPowerShell\v1.0\powershell.exe) attempted to load \Device\HarddiskVolume3\lwpad-kit3\bin\lwpad-test.exe that did not meet the Enterprise signing level requirements or violated code integrity policy (Policy ID:{0283ac0f-fff1-49ae-ada1-8a933130cad6}).
   [14:35:01] 3033 Code Integrity determined that a process (\Device\HarddiskVolume3\Windows\System32\WindowsPowerShell\v1.0\powershell.exe) attempted to load \Device\HarddiskVolume3\lwpad-kit3\bin\lwpad-test.exe that did not meet the Enterprise signing level requirements.
   [14:35:01] 3077 Code Integrity determined that a process (\Device\HarddiskVolume3\Windows\System32\WindowsPowerShell\v1.0\powershell.exe) attempted to load \Device\HarddiskVolume3\lwpad-kit3\bin\lwpad-test.exe that did not meet the Enterprise signing level requirements or violated code integrity policy (Policy ID:{0283ac0f-fff1-49ae-ada1-8a933130cad6}).
   [14:35:01] 3033 Code Integrity determined that a process (\Device\HarddiskVolume3\Windows\System32\WindowsPowerShell\v1.0\powershell.exe) attempted to load \Device\HarddiskVolume3\lwpad-kit3\bin\lwpad-test.exe that did not meet the Enterprise signing level requirements.
   [14:35:01] 3077 Code Integrity determined that a process (\Device\HarddiskVolume3\Windows\System32\WindowsPowerShell\v1.0\powershell.exe) attempted to load \Device\HarddiskVolume3\lwpad-kit3\bin\lwpad-test.exe that did not meet the Enterprise signing level requirements or violated code integrity policy (Policy ID:{0283ac0f-fff1-49ae-ada1-8a933130cad6}).
   [14:35:01] 3033 Code Integrity determined that a process (\Device\HarddiskVolume3\Windows\System32\WindowsPowerShell\v1.0\powershell.exe) attempted to load \Device\HarddiskVolume3\lwpad-kit3\bin\lwpad-test.exe that did not meet the Enterprise signing level requirements.
   [14:35:01] 3077 Code Integrity determined that a process (\Device\HarddiskVolume3\Windows\System32\WindowsPowerShell\v1.0\powershell.exe) attempted to load \Device\HarddiskVolume3\lwpad-kit3\bin\lwpad-test.exe that did not meet the Enterprise signing level requirements or violated code integrity policy (Policy ID:{0283ac0f-fff1-49ae-ada1-8a933130cad6}).
   [14:35:01] 3033 Code Integrity determined that a process (\Device\HarddiskVolume3\Windows\System32\WindowsPowerShell\v1.0\powershell.exe) attempted to load \Device\HarddiskVolume3\lwpad-kit3\bin\lwpad-test.exe that did not meet the Enterprise signing level requirements.
   [14:35:01] 3077 Code Integrity determined that a process (\Device\HarddiskVolume3\Windows\System32\WindowsPowerShell\v1.0\powershell.exe) attempted to load \Device\HarddiskVolume3\lwpad-kit3\bin\lwpad-test.exe that did not meet the Enterprise signing level requirements or violated code integrity policy (Policy ID:{0283ac0f-fff1-49ae-ada1-8a933130cad6}).
   [14:35:01] 3033 Code Integrity determined that a process (\Device\HarddiskVolume3\Windows\System32\WindowsPowerShell\v1.0\powershell.exe) attempted to load \Device\HarddiskVolume3\lwpad-kit3\bin\lwpad-test.exe that did not meet the Enterprise signing level requirements.
   [14:35:01] 3077 Code Integrity determined that a process (\Device\HarddiskVolume3\Windows\System32\WindowsPowerShell\v1.0\powershell.exe) attempted to load \Device\HarddiskVolume3\lwpad-kit3\bin\lwpad-test.exe that did not meet the Enterprise signing level requirements or violated code integrity policy (Policy ID:{0283ac0f-fff1-49ae-ada1-8a933130cad6}).
   [14:35:01] 3033 Code Integrity determined that a process (\Device\HarddiskVolume3\Windows\System32\WindowsPowerShell\v1.0\powershell.exe) attempted to load \Device\HarddiskVolume3\lwpad-kit3\bin\lwpad-test.exe that did not meet the Enterprise signing level requirements.
   [14:35:01] 3077 Code Integrity determined that a process (\Device\HarddiskVolume3\Windows\System32\WindowsPowerShell\v1.0\powershell.exe) attempted to load \Device\HarddiskVolume3\lwpad-kit3\bin\lwpad-test.exe that did not meet the Enterprise signing level requirements or violated code integrity policy (Policy ID:{0283ac0f-fff1-49ae-ada1-8a933130cad6}).
   [14:35:01] 3033 Code Integrity determined that a process (\Device\HarddiskVolume3\Windows\System32\WindowsPowerShell\v1.0\powershell.exe) attempted to load \Device\HarddiskVolume3\lwpad-kit3\bin\lwpad-test.exe that did not meet the Enterprise signing level requirements.
   [14:35:01] 3077 Code Integrity determined that a process (\Device\HarddiskVolume3\Windows\System32\WindowsPowerShell\v1.0\powershell.exe) attempted to load \Device\HarddiskVolume3\lwpad-kit3\bin\lwpad-test.exe that did not meet the Enterprise signing level requirements or violated code integrity policy (Policy ID:{0283ac0f-fff1-49ae-ada1-8a933130cad6}).
   [14:35:01] 3033 Code Integrity determined that a process (\Device\HarddiskVolume3\Windows\System32\WindowsPowerShell\v1.0\powershell.exe) attempted to load \Device\HarddiskVolume3\lwpad-kit3\bin\lwpad-test.exe that did not meet the Enterprise signing level requirements.
   [14:35:01] 3077 Code Integrity determined that a process (\Device\HarddiskVolume3\Windows\System32\WindowsPowerShell\v1.0\powershell.exe) attempted to load \Device\HarddiskVolume3\lwpad-kit3\bin\lwpad-test.exe that did not meet the Enterprise signing level requirements or violated code integrity policy (Policy ID:{0283ac0f-fff1-49ae-ada1-8a933130cad6}).
   [14:35:01] 3033 Code Integrity determined that a process (\Device\HarddiskVolume3\Windows\System32\WindowsPowerShell\v1.0\powershell.exe) attempted to load \Device\HarddiskVolume3\lwpad-kit3\bin\lwpad-test.exe that did not meet the Enterprise signing level requirements.
   [14:35:01] 3077 Code Integrity determined that a process (\Device\HarddiskVolume3\Windows\System32\WindowsPowerShell\v1.0\powershell.exe) attempted to load \Device\HarddiskVolume3\lwpad-kit3\bin\lwpad-test.exe that did not meet the Enterprise signing level requirements or violated code integrity policy (Policy ID:{0283ac0f-fff1-49ae-ada1-8a933130cad6}).
   [14:35:01] 3033 Code Integrity determined that a process (\Device\HarddiskVolume3\Windows\System32\WindowsPowerShell\v1.0\powershell.exe) attempted to load \Device\HarddiskVolume3\lwpad-kit3\bin\lwpad-test.exe that did not meet the Enterprise signing level requirements.
   [14:35:01] 3077 Code Integrity determined that a process (\Device\HarddiskVolume3\Windows\System32\WindowsPowerShell\v1.0\powershell.exe) attempted to load \Device\HarddiskVolume3\lwpad-kit3\bin\lwpad-test.exe that did not meet the Enterprise signing level requirements or violated code integrity policy (Policy ID:{0283ac0f-fff1-49ae-ada1-8a933130cad6}).
   [14:35:01] 3033 Code Integrity determined that a process (\Device\HarddiskVolume3\Windows\System32\WindowsPowerShell\v1.0\powershell.exe) attempted to load \Device\HarddiskVolume3\lwpad-kit3\bin\lwpad-test.exe that did not meet the Enterprise signing level requirements.
   [14:35:01] 3077 Code Integrity determined that a process (\Device\HarddiskVolume3\Windows\System32\WindowsPowerShell\v1.0\powershell.exe) attempted to load \Device\HarddiskVolume3\lwpad-kit3\bin\lwpad-test.exe that did not meet the Enterprise signing level requirements or violated code integrity policy (Policy ID:{0283ac0f-fff1-49ae-ada1-8a933130cad6}).
   [14:35:01] 3033 Code Integrity determined that a process (\Device\HarddiskVolume3\Windows\System32\WindowsPowerShell\v1.0\powershell.exe) attempted to load \Device\HarddiskVolume3\lwpad-kit3\bin\lwpad-test.exe that did not meet the Enterprise signing level requirements.
   [14:35:01] 3077 Code Integrity determined that a process (\Device\HarddiskVolume3\Windows\System32\WindowsPowerShell\v1.0\powershell.exe) attempted to load \Device\HarddiskVolume3\lwpad-kit3\bin\lwpad-test.exe that did not meet the Enterprise signing level requirements or violated code integrity policy (Policy ID:{0283ac0f-fff1-49ae-ada1-8a933130cad6}).
   [14:35:01] 3033 Code Integrity determined that a process (\Device\HarddiskVolume3\Windows\System32\WindowsPowerShell\v1.0\powershell.exe) attempted to load \Device\HarddiskVolume3\lwpad-kit3\bin\lwpad-test.exe that did not meet the Enterprise signing level requirements.
   [14:35:01] 3077 Code Integrity determined that a process (\Device\HarddiskVolume3\Windows\System32\WindowsPowerShell\v1.0\powershell.exe) attempted to load \Device\HarddiskVolume3\lwpad-kit3\bin\lwpad-test.exe that did not meet the Enterprise signing level requirements or violated code integrity policy (Policy ID:{0283ac0f-fff1-49ae-ada1-8a933130cad6}).
   [14:35:01] 3033 Code Integrity determined that a process (\Device\HarddiskVolume3\Windows\System32\WindowsPowerShell\v1.0\powershell.exe) attempted to load \Device\HarddiskVolume3\lwpad-kit3\bin\lwpad-test.exe that did not meet the Enterprise signing level requirements.
   [14:35:01] 3077 Code Integrity determined that a process (\Device\HarddiskVolume3\Windows\System32\WindowsPowerShell\v1.0\powershell.exe) attempted to load \Device\HarddiskVolume3\lwpad-kit3\bin\lwpad-test.exe that did not meet the Enterprise signing level requirements or violated code integrity policy (Policy ID:{0283ac0f-fff1-49ae-ada1-8a933130cad6}).
   [14:35:01] 3033 Code Integrity determined that a process (\Device\HarddiskVolume3\Windows\System32\WindowsPowerShell\v1.0\powershell.exe) attempted to load \Device\HarddiskVolume3\lwpad-kit3\bin\lwpad-test.exe that did not meet the Enterprise signing level requirements.
   [14:35:01] 3077 Code Integrity determined that a process (\Device\HarddiskVolume3\Windows\System32\WindowsPowerShell\v1.0\powershell.exe) attempted to load \Device\HarddiskVolume3\lwpad-kit3\bin\lwpad-test.exe that did not meet the Enterprise signing level requirements or violated code integrity policy (Policy ID:{0283ac0f-fff1-49ae-ada1-8a933130cad6}).
   [14:35:01] 3033 Code Integrity determined that a process (\Device\HarddiskVolume3\Windows\System32\WindowsPowerShell\v1.0\powershell.exe) attempted to load \Device\HarddiskVolume3\lwpad-kit3\bin\lwpad-test.exe that did not meet the Enterprise signing level requirements.
   [14:35:01] 3077 Code Integrity determined that a process (\Device\HarddiskVolume3\Windows\System32\WindowsPowerShell\v1.0\powershell.exe) attempted to load \Device\HarddiskVolume3\lwpad-kit3\bin\lwpad-test.exe that did not meet the Enterprise signing level requirements or violated code integrity policy (Policy ID:{0283ac0f-fff1-49ae-ada1-8a933130cad6}).
   [14:35:01] 3033 Code Integrity determined that a process (\Device\HarddiskVolume3\Windows\System32\WindowsPowerShell\v1.0\powershell.exe) attempted to load \Device\HarddiskVolume3\lwpad-kit3\bin\lwpad-test.exe that did not meet the Enterprise signing level requirements.
   [14:35:01] 3077 Code Integrity determined that a process (\Device\HarddiskVolume3\Windows\System32\WindowsPowerShell\v1.0\powershell.exe) attempted to load \Device\HarddiskVolume3\lwpad-kit3\bin\lwpad-test.exe that did not meet the Enterprise signing level requirements or violated code integrity policy (Policy ID:{0283ac0f-fff1-49ae-ada1-8a933130cad6}).
   [14:35:01] 3033 Code Integrity determined that a process (\Device\HarddiskVolume3\Windows\System32\WindowsPowerShell\v1.0\powershell.exe) attempted to load \Device\HarddiskVolume3\lwpad-kit3\bin\lwpad-test.exe that did not meet the Enterprise signing level requirements.
   [14:35:01] 3077 Code Integrity determined that a process (\Device\HarddiskVolume3\Windows\System32\WindowsPowerShell\v1.0\powershell.exe) attempted to load \Device\HarddiskVolume3\lwpad-kit3\bin\lwpad-test.exe that did not meet the Enterprise signing level requirements or violated code integrity policy (Policy ID:{0283ac0f-fff1-49ae-ada1-8a933130cad6}).
   [14:35:01] 3033 Code Integrity determined that a process (\Device\HarddiskVolume3\Windows\System32\WindowsPowerShell\v1.0\powershell.exe) attempted to load \Device\HarddiskVolume3\lwpad-kit3\bin\lwpad-test.exe that did not meet the Enterprise signing level requirements.
   [14:35:01] 3077 Code Integrity determined that a process (\Device\HarddiskVolume3\Windows\System32\WindowsPowerShell\v1.0\powershell.exe) attempted to load \Device\HarddiskVolume3\lwpad-kit3\bin\lwpad-test.exe that did not meet the Enterprise signing level requirements or violated code integrity policy (Policy ID:{0283ac0f-fff1-49ae-ada1-8a933130cad6}).
   [14:35:02] 3033 Code Integrity determined that a process (\Device\HarddiskVolume3\Windows\System32\WindowsPowerShell\v1.0\powershell.exe) attempted to load \Device\HarddiskVolume3\lwpad-kit3\bin\lwpad-test.exe that did not meet the Enterprise signing level requirements.
   [14:35:02] 3077 Code Integrity determined that a process (\Device\HarddiskVolume3\Windows\System32\WindowsPowerShell\v1.0\powershell.exe) attempted to load \Device\HarddiskVolume3\lwpad-kit3\bin\lwpad-test.exe that did not meet the Enterprise signing level requirements or violated code integrity policy (Policy ID:{0283ac0f-fff1-49ae-ada1-8a933130cad6}).
   [14:35:02] 3033 Code Integrity determined that a process (\Device\HarddiskVolume3\Windows\System32\WindowsPowerShell\v1.0\powershell.exe) attempted to load \Device\HarddiskVolume3\lwpad-kit3\bin\lwpad-test.exe that did not meet the Enterprise signing level requirements.
   [14:35:02] 3077 Code Integrity determined that a process (\Device\HarddiskVolume3\Windows\System32\WindowsPowerShell\v1.0\powershell.exe) attempted to load \Device\HarddiskVolume3\lwpad-kit3\bin\lwpad-test.exe that did not meet the Enterprise signing level requirements or violated code integrity policy (Policy ID:{0283ac0f-fff1-49ae-ada1-8a933130cad6}).
   [14:35:02] 3033 Code Integrity determined that a process (\Device\HarddiskVolume3\Windows\System32\WindowsPowerShell\v1.0\powershell.exe) attempted to load \Device\HarddiskVolume3\lwpad-kit3\bin\lwpad-test.exe that did not meet the Enterprise signing level requirements.
   [14:35:02] 3077 Code Integrity determined that a process (\Device\HarddiskVolume3\Windows\System32\WindowsPowerShell\v1.0\powershell.exe) attempted to load \Device\HarddiskVolume3\lwpad-kit3\bin\lwpad-test.exe that did not meet the Enterprise signing level requirements or violated code integrity policy (Policy ID:{0283ac0f-fff1-49ae-ada1-8a933130cad6}).
   [14:35:02] 3033 Code Integrity determined that a process (\Device\HarddiskVolume3\Windows\System32\WindowsPowerShell\v1.0\powershell.exe) attempted to load \Device\HarddiskVolume3\lwpad-kit3\bin\lwpad-test.exe that did not meet the Enterprise signing level requirements.
   [14:35:02] 3077 Code Integrity determined that a process (\Device\HarddiskVolume3\Windows\System32\WindowsPowerShell\v1.0\powershell.exe) attempted to load \Device\HarddiskVolume3\lwpad-kit3\bin\lwpad-test.exe that did not meet the Enterprise signing level requirements or violated code integrity policy (Policy ID:{0283ac0f-fff1-49ae-ada1-8a933130cad6}).
   [14:35:02] 3033 Code Integrity determined that a process (\Device\HarddiskVolume3\Windows\System32\WindowsPowerShell\v1.0\powershell.exe) attempted to load \Device\HarddiskVolume3\lwpad-kit3\bin\lwpad-test.exe that did not meet the Enterprise signing level requirements.
   [14:35:02] 3077 Code Integrity determined that a process (\Device\HarddiskVolume3\Windows\System32\WindowsPowerShell\v1.0\powershell.exe) attempted to load \Device\HarddiskVolume3\lwpad-kit3\bin\lwpad-test.exe that did not meet the Enterprise signing level requirements or violated code integrity policy (Policy ID:{0283ac0f-fff1-49ae-ada1-8a933130cad6}).
   [14:35:02] 3033 Code Integrity determined that a process (\Device\HarddiskVolume3\Windows\System32\WindowsPowerShell\v1.0\powershell.exe) attempted to load \Device\HarddiskVolume3\lwpad-kit3\bin\lwpad-test.exe that did not meet the Enterprise signing level requirements.
   [14:35:02] 3077 Code Integrity determined that a process (\Device\HarddiskVolume3\Windows\System32\WindowsPowerShell\v1.0\powershell.exe) attempted to load \Device\HarddiskVolume3\lwpad-kit3\bin\lwpad-test.exe that did not meet the Enterprise signing level requirements or violated code integrity policy (Policy ID:{0283ac0f-fff1-49ae-ada1-8a933130cad6}).
   [14:35:02] 3033 Code Integrity determined that a process (\Device\HarddiskVolume3\Windows\System32\WindowsPowerShell\v1.0\powershell.exe) attempted to load \Device\HarddiskVolume3\lwpad-kit3\bin\lwpad-test.exe that did not meet the Enterprise signing level requirements.
   [14:35:02] 3077 Code Integrity determined that a process (\Device\HarddiskVolume3\Windows\System32\WindowsPowerShell\v1.0\powershell.exe) attempted to load \Device\HarddiskVolume3\lwpad-kit3\bin\lwpad-test.exe that did not meet the Enterprise signing level requirements or violated code integrity policy (Policy ID:{0283ac0f-fff1-49ae-ada1-8a933130cad6}).
   [14:35:02] 3033 Code Integrity determined that a process (\Device\HarddiskVolume3\Windows\System32\WindowsPowerShell\v1.0\powershell.exe) attempted to load \Device\HarddiskVolume3\lwpad-kit3\bin\lwpad-test.exe that did not meet the Enterprise signing level requirements.
   [14:35:02] 3077 Code Integrity determined that a process (\Device\HarddiskVolume3\Windows\System32\WindowsPowerShell\v1.0\powershell.exe) attempted to load \Device\HarddiskVolume3\lwpad-kit3\bin\lwpad-test.exe that did not meet the Enterprise signing level requirements or violated code integrity policy (Policy ID:{0283ac0f-fff1-49ae-ada1-8a933130cad6}).
   [14:35:02] 3033 Code Integrity determined that a process (\Device\HarddiskVolume3\Windows\System32\WindowsPowerShell\v1.0\powershell.exe) attempted to load \Device\HarddiskVolume3\lwpad-kit3\bin\lwpad-test.exe that did not meet the Enterprise signing level requirements.
   [14:35:02] 3077 Code Integrity determined that a process (\Device\HarddiskVolume3\Windows\System32\WindowsPowerShell\v1.0\powershell.exe) attempted to load \Device\HarddiskVolume3\lwpad-kit3\bin\lwpad-test.exe that did not meet the Enterprise signing level requirements or violated code integrity policy (Policy ID:{0283ac0f-fff1-49ae-ada1-8a933130cad6}).
   [14:35:02] 3033 Code Integrity determined that a process (\Device\HarddiskVolume3\Windows\System32\WindowsPowerShell\v1.0\powershell.exe) attempted to load \Device\HarddiskVolume3\lwpad-kit3\bin\lwpad-test.exe that did not meet the Enterprise signing level requirements.
   [14:35:02] 3077 Code Integrity determined that a process (\Device\HarddiskVolume3\Windows\System32\WindowsPowerShell\v1.0\powershell.exe) attempted to load \Device\HarddiskVolume3\lwpad-kit3\bin\lwpad-test.exe that did not meet the Enterprise signing level requirements or violated code integrity policy (Policy ID:{0283ac0f-fff1-49ae-ada1-8a933130cad6}).
   [14:35:02] 3033 Code Integrity determined that a process (\Device\HarddiskVolume3\Windows\System32\WindowsPowerShell\v1.0\powershell.exe) attempted to load \Device\HarddiskVolume3\lwpad-kit3\bin\lwpad-test.exe that did not meet the Enterprise signing level requirements.
   [14:35:02] 3077 Code Integrity determined that a process (\Device\HarddiskVolume3\Windows\System32\WindowsPowerShell\v1.0\powershell.exe) attempted to load \Device\HarddiskVolume3\lwpad-kit3\bin\lwpad-test.exe that did not meet the Enterprise signing level requirements or violated code integrity policy (Policy ID:{0283ac0f-fff1-49ae-ada1-8a933130cad6}).
   [14:35:02] 3033 Code Integrity determined that a process (\Device\HarddiskVolume3\Windows\System32\WindowsPowerShell\v1.0\powershell.exe) attempted to load \Device\HarddiskVolume3\lwpad-kit3\bin\lwpad-test.exe that did not meet the Enterprise signing level requirements.
   [14:35:02] 3077 Code Integrity determined that a process (\Device\HarddiskVolume3\Windows\System32\WindowsPowerShell\v1.0\powershell.exe) attempted to load \Device\HarddiskVolume3\lwpad-kit3\bin\lwpad-test.exe that did not meet the Enterprise signing level requirements or violated code integrity policy (Policy ID:{0283ac0f-fff1-49ae-ada1-8a933130cad6}).
   [14:35:02] 3033 Code Integrity determined that a process (\Device\HarddiskVolume3\Windows\System32\WindowsPowerShell\v1.0\powershell.exe) attempted to load \Device\HarddiskVolume3\lwpad-kit3\bin\lwpad-test.exe that did not meet the Enterprise signing level requirements.
   [14:35:02] 3077 Code Integrity determined that a process (\Device\HarddiskVolume3\Windows\System32\WindowsPowerShell\v1.0\powershell.exe) attempted to load \Device\HarddiskVolume3\lwpad-kit3\bin\lwpad-test.exe that did not meet the Enterprise signing level requirements or violated code integrity policy (Policy ID:{0283ac0f-fff1-49ae-ada1-8a933130cad6}).
   [14:35:02] 3033 Code Integrity determined that a process (\Device\HarddiskVolume3\Windows\System32\WindowsPowerShell\v1.0\powershell.exe) attempted to load \Device\HarddiskVolume3\lwpad-kit3\bin\lwpad-test.exe that did not meet the Enterprise signing level requirements.
   [14:35:02] 3077 Code Integrity determined that a process (\Device\HarddiskVolume3\Windows\System32\WindowsPowerShell\v1.0\powershell.exe) attempted to load \Device\HarddiskVolume3\lwpad-kit3\bin\lwpad-test.exe that did not meet the Enterprise signing level requirements or violated code integrity policy (Policy ID:{0283ac0f-fff1-49ae-ada1-8a933130cad6}).
   [14:35:02] 3033 Code Integrity determined that a process (\Device\HarddiskVolume3\Windows\System32\WindowsPowerShell\v1.0\powershell.exe) attempted to load \Device\HarddiskVolume3\lwpad-kit3\bin\lwpad-test.exe that did not meet the Enterprise signing level requirements.
   [14:35:02] 3077 Code Integrity determined that a process (\Device\HarddiskVolume3\Windows\System32\WindowsPowerShell\v1.0\powershell.exe) attempted to load \Device\HarddiskVolume3\lwpad-kit3\bin\lwpad-test.exe that did not meet the Enterprise signing level requirements or violated code integrity policy (Policy ID:{0283ac0f-fff1-49ae-ada1-8a933130cad6}).
   [14:35:02] 3033 Code Integrity determined that a process (\Device\HarddiskVolume3\Windows\System32\WindowsPowerShell\v1.0\powershell.exe) attempted to load \Device\HarddiskVolume3\lwpad-kit3\bin\lwpad-test.exe that did not meet the Enterprise signing level requirements.
   [14:35:02] 3077 Code Integrity determined that a process (\Device\HarddiskVolume3\Windows\System32\WindowsPowerShell\v1.0\powershell.exe) attempted to load \Device\HarddiskVolume3\lwpad-kit3\bin\lwpad-test.exe that did not meet the Enterprise signing level requirements or violated code integrity policy (Policy ID:{0283ac0f-fff1-49ae-ada1-8a933130cad6}).
   [14:35:02] 3033 Code Integrity determined that a process (\Device\HarddiskVolume3\Windows\System32\WindowsPowerShell\v1.0\powershell.exe) attempted to load \Device\HarddiskVolume3\lwpad-kit3\bin\lwpad-test.exe that did not meet the Enterprise signing level requirements.
   [14:35:02] 3077 Code Integrity determined that a process (\Device\HarddiskVolume3\Windows\System32\WindowsPowerShell\v1.0\powershell.exe) attempted to load \Device\HarddiskVolume3\lwpad-kit3\bin\lwpad-test.exe that did not meet the Enterprise signing level requirements or violated code integrity policy (Policy ID:{0283ac0f-fff1-49ae-ada1-8a933130cad6}).
   [14:35:02] 3033 Code Integrity determined that a process (\Device\HarddiskVolume3\Windows\System32\WindowsPowerShell\v1.0\powershell.exe) attempted to load \Device\HarddiskVolume3\lwpad-kit3\bin\lwpad-test.exe that did not meet the Enterprise signing level requirements.
   [14:35:02] 3077 Code Integrity determined that a process (\Device\HarddiskVolume3\Windows\System32\WindowsPowerShell\v1.0\powershell.exe) attempted to load \Device\HarddiskVolume3\lwpad-kit3\bin\lwpad-test.exe that did not meet the Enterprise signing level requirements or violated code integrity policy (Policy ID:{0283ac0f-fff1-49ae-ada1-8a933130cad6}).
   [14:35:02] 3033 Code Integrity determined that a process (\Device\HarddiskVolume3\Windows\System32\WindowsPowerShell\v1.0\powershell.exe) attempted to load \Device\HarddiskVolume3\lwpad-kit3\bin\lwpad-test.exe that did not meet the Enterprise signing level requirements.
   [14:35:02] 3077 Code Integrity determined that a process (\Device\HarddiskVolume3\Windows\System32\WindowsPowerShell\v1.0\powershell.exe) attempted to load \Device\HarddiskVolume3\lwpad-kit3\bin\lwpad-test.exe that did not meet the Enterprise signing level requirements or violated code integrity policy (Policy ID:{0283ac0f-fff1-49ae-ada1-8a933130cad6}).
   [14:35:02] 3033 Code Integrity determined that a process (\Device\HarddiskVolume3\Windows\System32\WindowsPowerShell\v1.0\powershell.exe) attempted to load \Device\HarddiskVolume3\lwpad-kit3\bin\lwpad-test.exe that did not meet the Enterprise signing level requirements.
   [14:35:02] 3077 Code Integrity determined that a process (\Device\HarddiskVolume3\Windows\System32\WindowsPowerShell\v1.0\powershell.exe) attempted to load \Device\HarddiskVolume3\lwpad-kit3\bin\lwpad-test.exe that did not meet the Enterprise signing level requirements or violated code integrity policy (Policy ID:{0283ac0f-fff1-49ae-ada1-8a933130cad6}).
   [14:35:02] 3033 Code Integrity determined that a process (\Device\HarddiskVolume3\Windows\System32\WindowsPowerShell\v1.0\powershell.exe) attempted to load \Device\HarddiskVolume3\lwpad-kit3\bin\lwpad-test.exe that did not meet the Enterprise signing level requirements.
   [14:35:02] 3077 Code Integrity determined that a process (\Device\HarddiskVolume3\Windows\System32\WindowsPowerShell\v1.0\powershell.exe) attempted to load \Device\HarddiskVolume3\lwpad-kit3\bin\lwpad-test.exe that did not meet the Enterprise signing level requirements or violated code integrity policy (Policy ID:{0283ac0f-fff1-49ae-ada1-8a933130cad6}).
   [14:35:02] 3033 Code Integrity determined that a process (\Device\HarddiskVolume3\Windows\System32\WindowsPowerShell\v1.0\powershell.exe) attempted to load \Device\HarddiskVolume3\lwpad-kit3\bin\lwpad-test.exe that did not meet the Enterprise signing level requirements.
   [14:35:02] 3077 Code Integrity determined that a process (\Device\HarddiskVolume3\Windows\System32\WindowsPowerShell\v1.0\powershell.exe) attempted to load \Device\HarddiskVolume3\lwpad-kit3\bin\lwpad-test.exe that did not meet the Enterprise signing level requirements or violated code integrity policy (Policy ID:{0283ac0f-fff1-49ae-ada1-8a933130cad6}).
   [14:35:02] 3033 Code Integrity determined that a process (\Device\HarddiskVolume3\Windows\System32\WindowsPowerShell\v1.0\powershell.exe) attempted to load \Device\HarddiskVolume3\lwpad-kit3\bin\lwpad-test.exe that did not meet the Enterprise signing level requirements.
   [14:35:02] 3077 Code Integrity determined that a process (\Device\HarddiskVolume3\Windows\System32\WindowsPowerShell\v1.0\powershell.exe) attempted to load \Device\HarddiskVolume3\lwpad-kit3\bin\lwpad-test.exe that did not meet the Enterprise signing level requirements or violated code integrity policy (Policy ID:{0283ac0f-fff1-49ae-ada1-8a933130cad6}).
   [14:35:02] 3033 Code Integrity determined that a process (\Device\HarddiskVolume3\Windows\System32\WindowsPowerShell\v1.0\powershell.exe) attempted to load \Device\HarddiskVolume3\lwpad-kit3\bin\lwpad-test.exe that did not meet the Enterprise signing level requirements.
   [14:35:02] 3077 Code Integrity determined that a process (\Device\HarddiskVolume3\Windows\System32\WindowsPowerShell\v1.0\powershell.exe) attempted to load \Device\HarddiskVolume3\lwpad-kit3\bin\lwpad-test.exe that did not meet the Enterprise signing level requirements or violated code integrity policy (Policy ID:{0283ac0f-fff1-49ae-ada1-8a933130cad6}).
   [14:35:02] 3033 Code Integrity determined that a process (\Device\HarddiskVolume3\Windows\System32\WindowsPowerShell\v1.0\powershell.exe) attempted to load \Device\HarddiskVolume3\lwpad-kit3\bin\lwpad-test.exe that did not meet the Enterprise signing level requirements.
   [14:35:02] 3077 Code Integrity determined that a process (\Device\HarddiskVolume3\Windows\System32\WindowsPowerShell\v1.0\powershell.exe) attempted to load \Device\HarddiskVolume3\lwpad-kit3\bin\lwpad-test.exe that did not meet the Enterprise signing level requirements or violated code integrity policy (Policy ID:{0283ac0f-fff1-49ae-ada1-8a933130cad6}).
   [14:35:02] 3033 Code Integrity determined that a process (\Device\HarddiskVolume3\Windows\System32\WindowsPowerShell\v1.0\powershell.exe) attempted to load \Device\HarddiskVolume3\lwpad-kit3\bin\lwpad-test.exe that did not meet the Enterprise signing level requirements.
   [14:35:02] 3077 Code Integrity determined that a process (\Device\HarddiskVolume3\Windows\System32\WindowsPowerShell\v1.0\powershell.exe) attempted to load \Device\HarddiskVolume3\lwpad-kit3\bin\lwpad-test.exe that did not meet the Enterprise signing level requirements or violated code integrity policy (Policy ID:{0283ac0f-fff1-49ae-ada1-8a933130cad6}).
   [14:35:02] 3033 Code Integrity determined that a process (\Device\HarddiskVolume3\Windows\System32\WindowsPowerShell\v1.0\powershell.exe) attempted to load \Device\HarddiskVolume3\lwpad-kit3\bin\lwpad-test.exe that did not meet the Enterprise signing level requirements.
   [14:35:02] 3077 Code Integrity determined that a process (\Device\HarddiskVolume3\Windows\System32\WindowsPowerShell\v1.0\powershell.exe) attempted to load \Device\HarddiskVolume3\lwpad-kit3\bin\lwpad-test.exe that did not meet the Enterprise signing level requirements or violated code integrity policy (Policy ID:{0283ac0f-fff1-49ae-ada1-8a933130cad6}).
   [14:35:03] 3033 Code Integrity determined that a process (\Device\HarddiskVolume3\Windows\System32\WindowsPowerShell\v1.0\powershell.exe) attempted to load \Device\HarddiskVolume3\lwpad-kit3\bin\lwpad-test.exe that did not meet the Enterprise signing level requirements.
   [14:35:03] 3077 Code Integrity determined that a process (\Device\HarddiskVolume3\Windows\System32\WindowsPowerShell\v1.0\powershell.exe) attempted to load \Device\HarddiskVolume3\lwpad-kit3\bin\lwpad-test.exe that did not meet the Enterprise signing level requirements or violated code integrity policy (Policy ID:{0283ac0f-fff1-49ae-ada1-8a933130cad6}).
   [14:35:03] 3033 Code Integrity determined that a process (\Device\HarddiskVolume3\Windows\System32\WindowsPowerShell\v1.0\powershell.exe) attempted to load \Device\HarddiskVolume3\lwpad-kit3\bin\lwpad-test.exe that did not meet the Enterprise signing level requirements.
   [14:35:03] 3077 Code Integrity determined that a process (\Device\HarddiskVolume3\Windows\System32\WindowsPowerShell\v1.0\powershell.exe) attempted to load \Device\HarddiskVolume3\lwpad-kit3\bin\lwpad-test.exe that did not meet the Enterprise signing level requirements or violated code integrity policy (Policy ID:{0283ac0f-fff1-49ae-ada1-8a933130cad6}).
   [14:35:03] 3033 Code Integrity determined that a process (\Device\HarddiskVolume3\Windows\System32\WindowsPowerShell\v1.0\powershell.exe) attempted to load \Device\HarddiskVolume3\lwpad-kit3\bin\lwpad-test.exe that did not meet the Enterprise signing level requirements.
   [14:35:03] 3077 Code Integrity determined that a process (\Device\HarddiskVolume3\Windows\System32\WindowsPowerShell\v1.0\powershell.exe) attempted to load \Device\HarddiskVolume3\lwpad-kit3\bin\lwpad-test.exe that did not meet the Enterprise signing level requirements or violated code integrity policy (Policy ID:{0283ac0f-fff1-49ae-ada1-8a933130cad6}).
   [14:35:03] 3033 Code Integrity determined that a process (\Device\HarddiskVolume3\Windows\System32\WindowsPowerShell\v1.0\powershell.exe) attempted to load \Device\HarddiskVolume3\lwpad-kit3\bin\lwpad-test.exe that did not meet the Enterprise signing level requirements.
   [14:35:03] 3077 Code Integrity determined that a process (\Device\HarddiskVolume3\Windows\System32\WindowsPowerShell\v1.0\powershell.exe) attempted to load \Device\HarddiskVolume3\lwpad-kit3\bin\lwpad-test.exe that did not meet the Enterprise signing level requirements or violated code integrity policy (Policy ID:{0283ac0f-fff1-49ae-ada1-8a933130cad6}).
   [14:35:03] 3033 Code Integrity determined that a process (\Device\HarddiskVolume3\Windows\System32\WindowsPowerShell\v1.0\powershell.exe) attempted to load \Device\HarddiskVolume3\lwpad-kit3\bin\lwpad-test.exe that did not meet the Enterprise signing level requirements.
   [14:35:03] 3077 Code Integrity determined that a process (\Device\HarddiskVolume3\Windows\System32\WindowsPowerShell\v1.0\powershell.exe) attempted to load \Device\HarddiskVolume3\lwpad-kit3\bin\lwpad-test.exe that did not meet the Enterprise signing level requirements or violated code integrity policy (Policy ID:{0283ac0f-fff1-49ae-ada1-8a933130cad6}).
   [14:35:03] 3033 Code Integrity determined that a process (\Device\HarddiskVolume3\Windows\System32\WindowsPowerShell\v1.0\powershell.exe) attempted to load \Device\HarddiskVolume3\lwpad-kit3\bin\lwpad-test.exe that did not meet the Enterprise signing level requirements.
   [14:35:03] 3077 Code Integrity determined that a process (\Device\HarddiskVolume3\Windows\System32\WindowsPowerShell\v1.0\powershell.exe) attempted to load \Device\HarddiskVolume3\lwpad-kit3\bin\lwpad-test.exe that did not meet the Enterprise signing level requirements or violated code integrity policy (Policy ID:{0283ac0f-fff1-49ae-ada1-8a933130cad6}).
   [14:35:03] 3033 Code Integrity determined that a process (\Device\HarddiskVolume3\Windows\System32\WindowsPowerShell\v1.0\powershell.exe) attempted to load \Device\HarddiskVolume3\lwpad-kit3\bin\lwpad-test.exe that did not meet the Enterprise signing level requirements.
   [14:35:03] 3077 Code Integrity determined that a process (\Device\HarddiskVolume3\Windows\System32\WindowsPowerShell\v1.0\powershell.exe) attempted to load \Device\HarddiskVolume3\lwpad-kit3\bin\lwpad-test.exe that did not meet the Enterprise signing level requirements or violated code integrity policy (Policy ID:{0283ac0f-fff1-49ae-ada1-8a933130cad6}).
   [14:35:03] 3033 Code Integrity determined that a process (\Device\HarddiskVolume3\Windows\System32\WindowsPowerShell\v1.0\powershell.exe) attempted to load \Device\HarddiskVolume3\lwpad-kit3\bin\lwpad-test.exe that did not meet the Enterprise signing level requirements.
   [14:35:03] 3077 Code Integrity determined that a process (\Device\HarddiskVolume3\Windows\System32\WindowsPowerShell\v1.0\powershell.exe) attempted to load \Device\HarddiskVolume3\lwpad-kit3\bin\lwpad-test.exe that did not meet the Enterprise signing level requirements or violated code integrity policy (Policy ID:{0283ac0f-fff1-49ae-ada1-8a933130cad6}).
   [14:35:03] 3033 Code Integrity determined that a process (\Device\HarddiskVolume3\Windows\System32\WindowsPowerShell\v1.0\powershell.exe) attempted to load \Device\HarddiskVolume3\lwpad-kit3\bin\lwpad-test.exe that did not meet the Enterprise signing level requirements.
   [14:35:03] 3077 Code Integrity determined that a process (\Device\HarddiskVolume3\Windows\System32\WindowsPowerShell\v1.0\powershell.exe) attempted to load \Device\HarddiskVolume3\lwpad-kit3\bin\lwpad-test.exe that did not meet the Enterprise signing level requirements or violated code integrity policy (Policy ID:{0283ac0f-fff1-49ae-ada1-8a933130cad6}).
   [14:35:03] 3033 Code Integrity determined that a process (\Device\HarddiskVolume3\Windows\System32\WindowsPowerShell\v1.0\powershell.exe) attempted to load \Device\HarddiskVolume3\lwpad-kit3\bin\lwpad-test.exe that did not meet the Enterprise signing level requirements.
   [14:35:03] 3077 Code Integrity determined that a process (\Device\HarddiskVolume3\Windows\System32\WindowsPowerShell\v1.0\powershell.exe) attempted to load \Device\HarddiskVolume3\lwpad-kit3\bin\lwpad-test.exe that did not meet the Enterprise signing level requirements or violated code integrity policy (Policy ID:{0283ac0f-fff1-49ae-ada1-8a933130cad6}).
   [14:35:03] 3033 Code Integrity determined that a process (\Device\HarddiskVolume3\Windows\System32\WindowsPowerShell\v1.0\powershell.exe) attempted to load \Device\HarddiskVolume3\lwpad-kit3\bin\lwpad-test.exe that did not meet the Enterprise signing level requirements.
   [14:35:03] 3077 Code Integrity determined that a process (\Device\HarddiskVolume3\Windows\System32\WindowsPowerShell\v1.0\powershell.exe) attempted to load \Device\HarddiskVolume3\lwpad-kit3\bin\lwpad-test.exe that did not meet the Enterprise signing level requirements or violated code integrity policy (Policy ID:{0283ac0f-fff1-49ae-ada1-8a933130cad6}).
   [14:35:03] 3033 Code Integrity determined that a process (\Device\HarddiskVolume3\Windows\System32\WindowsPowerShell\v1.0\powershell.exe) attempted to load \Device\HarddiskVolume3\lwpad-kit3\bin\lwpad-test.exe that did not meet the Enterprise signing level requirements.
   [14:35:03] 3077 Code Integrity determined that a process (\Device\HarddiskVolume3\Windows\System32\WindowsPowerShell\v1.0\powershell.exe) attempted to load \Device\HarddiskVolume3\lwpad-kit3\bin\lwpad-test.exe that did not meet the Enterprise signing level requirements or violated code integrity policy (Policy ID:{0283ac0f-fff1-49ae-ada1-8a933130cad6}).
   [14:35:03] 3033 Code Integrity determined that a process (\Device\HarddiskVolume3\Windows\System32\WindowsPowerShell\v1.0\powershell.exe) attempted to load \Device\HarddiskVolume3\lwpad-kit3\bin\lwpad-test.exe that did not meet the Enterprise signing level requirements.
   [14:35:03] 3077 Code Integrity determined that a process (\Device\HarddiskVolume3\Windows\System32\WindowsPowerShell\v1.0\powershell.exe) attempted to load \Device\HarddiskVolume3\lwpad-kit3\bin\lwpad-test.exe that did not meet the Enterprise signing level requirements or violated code integrity policy (Policy ID:{0283ac0f-fff1-49ae-ada1-8a933130cad6}).
   [14:35:03] 3033 Code Integrity determined that a process (\Device\HarddiskVolume3\Windows\System32\WindowsPowerShell\v1.0\powershell.exe) attempted to load \Device\HarddiskVolume3\lwpad-kit3\bin\lwpad-test.exe that did not meet the Enterprise signing level requirements.
   [14:35:03] 3077 Code Integrity determined that a process (\Device\HarddiskVolume3\Windows\System32\WindowsPowerShell\v1.0\powershell.exe) attempted to load \Device\HarddiskVolume3\lwpad-kit3\bin\lwpad-test.exe that did not meet the Enterprise signing level requirements or violated code integrity policy (Policy ID:{0283ac0f-fff1-49ae-ada1-8a933130cad6}).
   [14:35:03] 3033 Code Integrity determined that a process (\Device\HarddiskVolume3\Windows\System32\WindowsPowerShell\v1.0\powershell.exe) attempted to load \Device\HarddiskVolume3\lwpad-kit3\bin\lwpad-test.exe that did not meet the Enterprise signing level requirements.
   [14:35:03] 3077 Code Integrity determined that a process (\Device\HarddiskVolume3\Windows\System32\WindowsPowerShell\v1.0\powershell.exe) attempted to load \Device\HarddiskVolume3\lwpad-kit3\bin\lwpad-test.exe that did not meet the Enterprise signing level requirements or violated code integrity policy (Policy ID:{0283ac0f-fff1-49ae-ada1-8a933130cad6}).
   [14:35:03] 3033 Code Integrity determined that a process (\Device\HarddiskVolume3\Windows\System32\WindowsPowerShell\v1.0\powershell.exe) attempted to load \Device\HarddiskVolume3\lwpad-kit3\bin\lwpad-test.exe that did not meet the Enterprise signing level requirements.
   [14:35:03] 3077 Code Integrity determined that a process (\Device\HarddiskVolume3\Windows\System32\WindowsPowerShell\v1.0\powershell.exe) attempted to load \Device\HarddiskVolume3\lwpad-kit3\bin\lwpad-test.exe that did not meet the Enterprise signing level requirements or violated code integrity policy (Policy ID:{0283ac0f-fff1-49ae-ada1-8a933130cad6}).
   [14:35:03] 3033 Code Integrity determined that a process (\Device\HarddiskVolume3\Windows\System32\WindowsPowerShell\v1.0\powershell.exe) attempted to load \Device\HarddiskVolume3\lwpad-kit3\bin\lwpad-test.exe that did not meet the Enterprise signing level requirements.
   [14:35:03] 3077 Code Integrity determined that a process (\Device\HarddiskVolume3\Windows\System32\WindowsPowerShell\v1.0\powershell.exe) attempted to load \Device\HarddiskVolume3\lwpad-kit3\bin\lwpad-test.exe that did not meet the Enterprise signing level requirements or violated code integrity policy (Policy ID:{0283ac0f-fff1-49ae-ada1-8a933130cad6}).
   [14:35:03] 3033 Code Integrity determined that a process (\Device\HarddiskVolume3\Windows\System32\WindowsPowerShell\v1.0\powershell.exe) attempted to load \Device\HarddiskVolume3\lwpad-kit3\bin\lwpad-test.exe that did not meet the Enterprise signing level requirements.
   [14:35:03] 3077 Code Integrity determined that a process (\Device\HarddiskVolume3\Windows\System32\WindowsPowerShell\v1.0\powershell.exe) attempted to load \Device\HarddiskVolume3\lwpad-kit3\bin\lwpad-test.exe that did not meet the Enterprise signing level requirements or violated code integrity policy (Policy ID:{0283ac0f-fff1-49ae-ada1-8a933130cad6}).
   [14:35:03] 3033 Code Integrity determined that a process (\Device\HarddiskVolume3\Windows\System32\WindowsPowerShell\v1.0\powershell.exe) attempted to load \Device\HarddiskVolume3\lwpad-kit3\bin\lwpad-test.exe that did not meet the Enterprise signing level requirements.
   [14:35:03] 3077 Code Integrity determined that a process (\Device\HarddiskVolume3\Windows\System32\WindowsPowerShell\v1.0\powershell.exe) attempted to load \Device\HarddiskVolume3\lwpad-kit3\bin\lwpad-test.exe that did not meet the Enterprise signing level requirements or violated code integrity policy (Policy ID:{0283ac0f-fff1-49ae-ada1-8a933130cad6}).
   [14:35:03] 3033 Code Integrity determined that a process (\Device\HarddiskVolume3\Windows\System32\WindowsPowerShell\v1.0\powershell.exe) attempted to load \Device\HarddiskVolume3\lwpad-kit3\bin\lwpad-test.exe that did not meet the Enterprise signing level requirements.
   [14:35:03] 3077 Code Integrity determined that a process (\Device\HarddiskVolume3\Windows\System32\WindowsPowerShell\v1.0\powershell.exe) attempted to load \Device\HarddiskVolume3\lwpad-kit3\bin\lwpad-test.exe that did not meet the Enterprise signing level requirements or violated code integrity policy (Policy ID:{0283ac0f-fff1-49ae-ada1-8a933130cad6}).
   [14:35:03] 3033 Code Integrity determined that a process (\Device\HarddiskVolume3\Windows\System32\WindowsPowerShell\v1.0\powershell.exe) attempted to load \Device\HarddiskVolume3\lwpad-kit3\bin\lwpad-test.exe that did not meet the Enterprise signing level requirements.
   [14:35:03] 3077 Code Integrity determined that a process (\Device\HarddiskVolume3\Windows\System32\WindowsPowerShell\v1.0\powershell.exe) attempted to load \Device\HarddiskVolume3\lwpad-kit3\bin\lwpad-test.exe that did not meet the Enterprise signing level requirements or violated code integrity policy (Policy ID:{0283ac0f-fff1-49ae-ada1-8a933130cad6}).
   [14:35:03] 3033 Code Integrity determined that a process (\Device\HarddiskVolume3\Windows\System32\WindowsPowerShell\v1.0\powershell.exe) attempted to load \Device\HarddiskVolume3\lwpad-kit3\bin\lwpad-test.exe that did not meet the Enterprise signing level requirements.
   [14:35:03] 3077 Code Integrity determined that a process (\Device\HarddiskVolume3\Windows\System32\WindowsPowerShell\v1.0\powershell.exe) attempted to load \Device\HarddiskVolume3\lwpad-kit3\bin\lwpad-test.exe that did not meet the Enterprise signing level requirements or violated code integrity policy (Policy ID:{0283ac0f-fff1-49ae-ada1-8a933130cad6}).
   [14:35:03] 3033 Code Integrity determined that a process (\Device\HarddiskVolume3\Windows\System32\WindowsPowerShell\v1.0\powershell.exe) attempted to load \Device\HarddiskVolume3\lwpad-kit3\bin\lwpad-test.exe that did not meet the Enterprise signing level requirements.
   [14:35:03] 3077 Code Integrity determined that a process (\Device\HarddiskVolume3\Windows\System32\WindowsPowerShell\v1.0\powershell.exe) attempted to load \Device\HarddiskVolume3\lwpad-kit3\bin\lwpad-test.exe that did not meet the Enterprise signing level requirements or violated code integrity policy (Policy ID:{0283ac0f-fff1-49ae-ada1-8a933130cad6}).
   [14:35:03] 3033 Code Integrity determined that a process (\Device\HarddiskVolume3\Windows\System32\WindowsPowerShell\v1.0\powershell.exe) attempted to load \Device\HarddiskVolume3\lwpad-kit3\bin\lwpad-test.exe that did not meet the Enterprise signing level requirements.
   [14:35:03] 3077 Code Integrity determined that a process (\Device\HarddiskVolume3\Windows\System32\WindowsPowerShell\v1.0\powershell.exe) attempted to load \Device\HarddiskVolume3\lwpad-kit3\bin\lwpad-test.exe that did not meet the Enterprise signing level requirements or violated code integrity policy (Policy ID:{0283ac0f-fff1-49ae-ada1-8a933130cad6}).
   [14:35:03] 3033 Code Integrity determined that a process (\Device\HarddiskVolume3\Windows\System32\WindowsPowerShell\v1.0\powershell.exe) attempted to load \Device\HarddiskVolume3\lwpad-kit3\bin\lwpad-test.exe that did not meet the Enterprise signing level requirements.
   [14:35:03] 3077 Code Integrity determined that a process (\Device\HarddiskVolume3\Windows\System32\WindowsPowerShell\v1.0\powershell.exe) attempted to load \Device\HarddiskVolume3\lwpad-kit3\bin\lwpad-test.exe that did not meet the Enterprise signing level requirements or violated code integrity policy (Policy ID:{0283ac0f-fff1-49ae-ada1-8a933130cad6}).
   [14:35:03] 3033 Code Integrity determined that a process (\Device\HarddiskVolume3\Windows\System32\WindowsPowerShell\v1.0\powershell.exe) attempted to load \Device\HarddiskVolume3\lwpad-kit3\bin\lwpad-test.exe that did not meet the Enterprise signing level requirements.
   [14:35:03] 3077 Code Integrity determined that a process (\Device\HarddiskVolume3\Windows\System32\WindowsPowerShell\v1.0\powershell.exe) attempted to load \Device\HarddiskVolume3\lwpad-kit3\bin\lwpad-test.exe that did not meet the Enterprise signing level requirements or violated code integrity policy (Policy ID:{0283ac0f-fff1-49ae-ada1-8a933130cad6}).
   [14:35:03] 3033 Code Integrity determined that a process (\Device\HarddiskVolume3\Windows\System32\WindowsPowerShell\v1.0\powershell.exe) attempted to load \Device\HarddiskVolume3\lwpad-kit3\bin\lwpad-test.exe that did not meet the Enterprise signing level requirements.
   [14:35:03] 3077 Code Integrity determined that a process (\Device\HarddiskVolume3\Windows\System32\WindowsPowerShell\v1.0\powershell.exe) attempted to load \Device\HarddiskVolume3\lwpad-kit3\bin\lwpad-test.exe that did not meet the Enterprise signing level requirements or violated code integrity policy (Policy ID:{0283ac0f-fff1-49ae-ada1-8a933130cad6}).
   [14:35:03] 3033 Code Integrity determined that a process (\Device\HarddiskVolume3\Windows\System32\WindowsPowerShell\v1.0\powershell.exe) attempted to load \Device\HarddiskVolume3\lwpad-kit3\bin\lwpad-test.exe that did not meet the Enterprise signing level requirements.
   [14:35:03] 3077 Code Integrity determined that a process (\Device\HarddiskVolume3\Windows\System32\WindowsPowerShell\v1.0\powershell.exe) attempted to load \Device\HarddiskVolume3\lwpad-kit3\bin\lwpad-test.exe that did not meet the Enterprise signing level requirements or violated code integrity policy (Policy ID:{0283ac0f-fff1-49ae-ada1-8a933130cad6}).
   [14:35:04] 3033 Code Integrity determined that a process (\Device\HarddiskVolume3\Windows\System32\WindowsPowerShell\v1.0\powershell.exe) attempted to load \Device\HarddiskVolume3\lwpad-kit3\bin\lwpad-test.exe that did not meet the Enterprise signing level requirements.
   [14:35:04] 3077 Code Integrity determined that a process (\Device\HarddiskVolume3\Windows\System32\WindowsPowerShell\v1.0\powershell.exe) attempted to load \Device\HarddiskVolume3\lwpad-kit3\bin\lwpad-test.exe that did not meet the Enterprise signing level requirements or violated code integrity policy (Policy ID:{0283ac0f-fff1-49ae-ada1-8a933130cad6}).
   [14:35:04] 3033 Code Integrity determined that a process (\Device\HarddiskVolume3\Windows\System32\WindowsPowerShell\v1.0\powershell.exe) attempted to load \Device\HarddiskVolume3\lwpad-kit3\bin\lwpad-test.exe that did not meet the Enterprise signing level requirements.
   [14:35:04] 3077 Code Integrity determined that a process (\Device\HarddiskVolume3\Windows\System32\WindowsPowerShell\v1.0\powershell.exe) attempted to load \Device\HarddiskVolume3\lwpad-kit3\bin\lwpad-test.exe that did not meet the Enterprise signing level requirements or violated code integrity policy (Policy ID:{0283ac0f-fff1-49ae-ada1-8a933130cad6}).
   [14:35:04] 3033 Code Integrity determined that a process (\Device\HarddiskVolume3\Windows\System32\WindowsPowerShell\v1.0\powershell.exe) attempted to load \Device\HarddiskVolume3\lwpad-kit3\bin\lwpad-test.exe that did not meet the Enterprise signing level requirements.
   [14:35:04] 3077 Code Integrity determined that a process (\Device\HarddiskVolume3\Windows\System32\WindowsPowerShell\v1.0\powershell.exe) attempted to load \Device\HarddiskVolume3\lwpad-kit3\bin\lwpad-test.exe that did not meet the Enterprise signing level requirements or violated code integrity policy (Policy ID:{0283ac0f-fff1-49ae-ada1-8a933130cad6}).
   [14:35:04] 3033 Code Integrity determined that a process (\Device\HarddiskVolume3\Windows\System32\WindowsPowerShell\v1.0\powershell.exe) attempted to load \Device\HarddiskVolume3\lwpad-kit3\bin\lwpad-test.exe that did not meet the Enterprise signing level requirements.
   [14:35:04] 3077 Code Integrity determined that a process (\Device\HarddiskVolume3\Windows\System32\WindowsPowerShell\v1.0\powershell.exe) attempted to load \Device\HarddiskVolume3\lwpad-kit3\bin\lwpad-test.exe that did not meet the Enterprise signing level requirements or violated code integrity policy (Policy ID:{0283ac0f-fff1-49ae-ada1-8a933130cad6}).
   [14:35:04] 3033 Code Integrity determined that a process (\Device\HarddiskVolume3\Windows\System32\WindowsPowerShell\v1.0\powershell.exe) attempted to load \Device\HarddiskVolume3\lwpad-kit3\bin\lwpad-test.exe that did not meet the Enterprise signing level requirements.
   [14:35:04] 3077 Code Integrity determined that a process (\Device\HarddiskVolume3\Windows\System32\WindowsPowerShell\v1.0\powershell.exe) attempted to load \Device\HarddiskVolume3\lwpad-kit3\bin\lwpad-test.exe that did not meet the Enterprise signing level requirements or violated code integrity policy (Policy ID:{0283ac0f-fff1-49ae-ada1-8a933130cad6}).
   [14:35:04] 3033 Code Integrity determined that a process (\Device\HarddiskVolume3\Windows\System32\WindowsPowerShell\v1.0\powershell.exe) attempted to load \Device\HarddiskVolume3\lwpad-kit3\bin\lwpad-test.exe that did not meet the Enterprise signing level requirements.
   [14:35:04] 3077 Code Integrity determined that a process (\Device\HarddiskVolume3\Windows\System32\WindowsPowerShell\v1.0\powershell.exe) attempted to load \Device\HarddiskVolume3\lwpad-kit3\bin\lwpad-test.exe that did not meet the Enterprise signing level requirements or violated code integrity policy (Policy ID:{0283ac0f-fff1-49ae-ada1-8a933130cad6}).
   [14:35:04] 3033 Code Integrity determined that a process (\Device\HarddiskVolume3\Windows\System32\WindowsPowerShell\v1.0\powershell.exe) attempted to load \Device\HarddiskVolume3\lwpad-kit3\bin\lwpad-test.exe that did not meet the Enterprise signing level requirements.
   [14:35:04] 3077 Code Integrity determined that a process (\Device\HarddiskVolume3\Windows\System32\WindowsPowerShell\v1.0\powershell.exe) attempted to load \Device\HarddiskVolume3\lwpad-kit3\bin\lwpad-test.exe that did not meet the Enterprise signing level requirements or violated code integrity policy (Policy ID:{0283ac0f-fff1-49ae-ada1-8a933130cad6}).
   [14:35:04] 3033 Code Integrity determined that a process (\Device\HarddiskVolume3\Windows\System32\WindowsPowerShell\v1.0\powershell.exe) attempted to load \Device\HarddiskVolume3\lwpad-kit3\bin\lwpad-test.exe that did not meet the Enterprise signing level requirements.
   [14:35:04] 3077 Code Integrity determined that a process (\Device\HarddiskVolume3\Windows\System32\WindowsPowerShell\v1.0\powershell.exe) attempted to load \Device\HarddiskVolume3\lwpad-kit3\bin\lwpad-test.exe that did not meet the Enterprise signing level requirements or violated code integrity policy (Policy ID:{0283ac0f-fff1-49ae-ada1-8a933130cad6}).
   [14:35:04] 3033 Code Integrity determined that a process (\Device\HarddiskVolume3\Windows\System32\WindowsPowerShell\v1.0\powershell.exe) attempted to load \Device\HarddiskVolume3\lwpad-kit3\bin\lwpad-test.exe that did not meet the Enterprise signing level requirements.
   [14:35:04] 3077 Code Integrity determined that a process (\Device\HarddiskVolume3\Windows\System32\WindowsPowerShell\v1.0\powershell.exe) attempted to load \Device\HarddiskVolume3\lwpad-kit3\bin\lwpad-test.exe that did not meet the Enterprise signing level requirements or violated code integrity policy (Policy ID:{0283ac0f-fff1-49ae-ada1-8a933130cad6}).
   [14:35:04] 3033 Code Integrity determined that a process (\Device\HarddiskVolume3\Windows\System32\WindowsPowerShell\v1.0\powershell.exe) attempted to load \Device\HarddiskVolume3\lwpad-kit3\bin\lwpad-test.exe that did not meet the Enterprise signing level requirements.
   [14:35:04] 3077 Code Integrity determined that a process (\Device\HarddiskVolume3\Windows\System32\WindowsPowerShell\v1.0\powershell.exe) attempted to load \Device\HarddiskVolume3\lwpad-kit3\bin\lwpad-test.exe that did not meet the Enterprise signing level requirements or violated code integrity policy (Policy ID:{0283ac0f-fff1-49ae-ada1-8a933130cad6}).
   [14:35:04] 3033 Code Integrity determined that a process (\Device\HarddiskVolume3\Windows\System32\WindowsPowerShell\v1.0\powershell.exe) attempted to load \Device\HarddiskVolume3\lwpad-kit3\bin\lwpad-test.exe that did not meet the Enterprise signing level requirements.
   [14:35:04] 3077 Code Integrity determined that a process (\Device\HarddiskVolume3\Windows\System32\WindowsPowerShell\v1.0\powershell.exe) attempted to load \Device\HarddiskVolume3\lwpad-kit3\bin\lwpad-test.exe that did not meet the Enterprise signing level requirements or violated code integrity policy (Policy ID:{0283ac0f-fff1-49ae-ada1-8a933130cad6}).
FAIL ci-blocked 184 of our files were BLOCKED (3077); see above
INFO ci-allowed \lwpad-kit3\bin\SDL3.dll policy=VerifiedAndReputableDesktop PassesSmartlocker=true DefenderTrust=0 audit=false
INFO ci-allowed \lwpad-kit3\bin\lwpad-sdltest.exe policy=VerifiedAndReputableDesktop PassesSmartlocker=true DefenderTrust=0 audit=false
Smart App Control state now            1

==============================================================================
== 6. Uninstall
==============================================================================
== removing the device node
removed ROOT\LONGWAVEVIRTUALGAMEPAD\0000
== removing remembered virtual pad nodes
   HID\VID_045E&PID_0B12&IG_00\1&F0D20EB&3&LONGWAVEPAD0
   VHF\HID_DEVICE_SYSTEM_VHF\1&F0D20EB&3&LONGWAVEPAD0
== deleting the driver package from the driver store
Microsoft PnP Utility

Ignoring /force when used with /uninstall to delete driver package.
Driver package uninstalled.
Driver package deleted successfully.
== removing the certificate from LocalMachine\Root, TrustedPublisher, CA, My
   Root\D384B081C8690480E1CED56B8AE57D203E919993 CN=Longwave Virtual Gamepad local signer, OU=LWWIN11TEST 2026-10-04T14.34.39
   TrustedPublisher\D384B081C8690480E1CED56B8AE57D203E919993 CN=Longwave Virtual Gamepad local signer, OU=LWWIN11TEST 2026-10-04T14.34.39
   CA\D384B081C8690480E1CED56B8AE57D203E919993 CN=Longwave Virtual Gamepad local signer, OU=LWWIN11TEST 2026-10-04T14.34.39
== clean: no device node, pad nodes, driver package, DLL or certificate left
PASS uninstall nothing left behind

==============================================================================
== Summary
==============================================================================
PASS 14  FAIL 3  SKIP 0   (43 s)
   FAIL install install.ps1 exited 1
   FAIL kill-feeder slot='' alive='' gone=False after 7395 ms
   FAIL ci-blocked 184 of our files were BLOCKED (3077); see above
Log: C:\lwpad-kit3\results\LWWIN11TEST-run-20261004-143426.log
